Faculty_Full_Name,Rank,Professor_Type,Faculty_Author_Affiliation,pmids,pub_mesh_terms
"Allison, Steven",prof,research,"Allison, Steven[Author] AND Irvine[Affiliation] OR Allison, SD[Author] AND Irvine[Affiliation] OR 0000-0003-4629-7842[Author - Identifier]","['39726151', '39700081', '39495619', '39474635', '39412476', '39271672', '39095861', '38899583', '38865466', '38740930', '38572990', '38562029', '38550692', '38526088', '38380597', '38087814', '37798477', '37138640', '37059647', '36965002']","Soil; United States; Carbon; Nitrogen; Soil Microbiology; Nitrification; Forests; Biomass; Humans; Curriculum; Education, Graduate; Conservation of Natural Resources; Program Evaluation; Coral Reefs; Droughts; Soil Microbiology; Bacteria; Ecosystem; Plant Leaves; Metagenome; Stress, Physiological; Soil; Drought Resistance; Ecosystem; Stress, Physiological; Microbial Interactions; Climate Change; Models, Biological; Climate Change; Soil Microbiology; Biological Evolution; Adaptation, Physiological; Models, Biological; Ecosystem; Mutation; Carbon Cycle; Soil Microbiology; Carbon; Soil; Ecosystem; Bacteria; Animals; Climate Change; Greenhouse Gases; Isoptera; Methane; Metagenomics; Bacteria; Metagenome; Microbiota; Uncertainty; Sphingomonas; Climate Change; California; Soil Microbiology; Ecosystem; Phylogeny; Microbiota; Metagenomics; Grassland; Ecosystem; Soil Microbiology; Soil; Carbon; Climate; Climate Change; Earth, Planet; Models, Theoretical; Bacteria; Biodiversity; Humans; Ecosystem; Introduced Species; Ecosystem; Droughts; Wildfires; Plants; Water; Biomass; Ecosystem; Australia; Forests; Trees; Wood; Carbon; Tropical Climate; Life History Traits; Soil; Soil Microbiology; Ecosystem; Bacteria; Carbon; Drought Resistance; Soil; Soil Microbiology; Droughts; Plants; Ecosystem"
"Arora, Kavita",prof,research,"Arora, Kavita[Author] AND Irvine[Affiliation] OR Arora, K[Author] AND Irvine[Affiliation] OR 0000-0002-2393-8363[Author - Identifier]","['39105756', '35831023', '35027733']","Animals; Caenorhabditis elegans; Caenorhabditis elegans Proteins; CDC2 Protein Kinase; Cdc20 Proteins; Cyclin B; Cyclin B1; Cyclin B2; Embryo, Nonmammalian; Mitosis; Phosphorylation; Animals; Binding Sites; Cells, Cultured; Conserved Sequence; Hedgehog Proteins; Humans; MAP Kinase Signaling System; Mitogen-Activated Protein Kinase 1; Mutation; Neoplasms; Phosphorylation; Protein Binding; Repressor Proteins; Zinc Finger Protein GLI1; Cadmium; Cell Line, Tumor; DNA-Binding Proteins; Gene Expression Regulation; HEK293 Cells; HeLa Cells; Hippo Signaling Pathway; Homeostasis; Humans; Inactivation, Metabolic; Phosphorylation; Protein Serine-Threonine Kinases; Stress, Physiological; Transcription Factors; Transcription, Genetic; Tumor Suppressor Proteins; Zinc; Transcription Factor MTF-1"
"Atwood, Scott",assoc prof,research,"Atwood, Scott[Author] AND Irvine[Affiliation] OR Atwood, SX[Author] AND Irvine[Affiliation] OR 0000-0001-7407-9792[Author - Identifier]","['40319033', '39536613', '39463971', '39294560', '38385917', '37715952', '37205445', '37195865', '36993765', '36690742', '36383486', '35831023', '35687691', '35416650']","Humans; Cell Proliferation; Keratinocytes; Membrane Proteins; Stem Cells; Intercellular Signaling Peptides and Proteins; Secretome; Epidermis; Wnt Signaling Pathway; CRISPR-Cas Systems; Epidermal Cells; Clustered Regularly Interspaced Short Palindromic Repeats; Humans; Skin; Tissue Engineering; Organoids; Pluripotent Stem Cells; Bioprinting; Microphysiological Systems; Single-Cell Analysis; Humans; Sequence Analysis, RNA; Transcriptome; Algorithms; Gene Expression Profiling; Gene Regulatory Networks; Humans; Skin Neoplasms; Carcinoma, Basosquamous; Male; Female; Multiomics; Sebaceous Glands; Cell Differentiation; Skin; Hair Follicle; Epithelial Cells; Humans; Transcriptome; Skin; Keratinocytes; Epidermis; Cell Differentiation; Organoids; Humans; Transcriptome; Cell Communication; Gene Expression Profiling; Signal Transduction; Computer Simulation; Single-Cell Analysis; Animals; Mice; Humans; RNA; Chromatography, Liquid; Tandem Mass Spectrometry; Gene Expression Profiling; Animals; Binding Sites; Cells, Cultured; Conserved Sequence; Hedgehog Proteins; Humans; MAP Kinase Signaling System; Mitogen-Activated Protein Kinase 1; Mutation; Neoplasms; Phosphorylation; Protein Binding; Repressor Proteins; Zinc Finger Protein GLI1; Animals; Carcinoma, Basal Cell; Ecosystem; Hedgehog Proteins; Humans; Mice; Single-Cell Analysis; Skin Neoplasms; Tumor Microenvironment; Neoplasms; Nucleosides; RNA"
"Azizi, Emanuel",prof,research,"Azizi, Emanuel[Author] AND Irvine[Affiliation] OR Azizi, E[Author] AND Irvine[Affiliation]","['38873800', '38353270', '38290561', '38176106', '37930362', '37905058', '37727106', '36854379', '36595244', '36576050']","Animals; Galliformes; Muscle, Skeletal; Biomechanical Phenomena; Running; Electromyography; Walking; Muscle Contraction; Isometric Contraction; Rats; Animals; Muscle, Skeletal; Tendons; Connective Tissue; Locomotion; Hindlimb; Muscle Contraction; Biomechanical Phenomena; Conservation of Energy Resources; Tendons; Muscle, Skeletal; Elasticity; Elastomers; Stress, Mechanical; Viscosity; Muscle, Skeletal; Muscle Fibers, Skeletal; Muscle Contraction; Animals; Alligators and Crocodiles; Locomotion; Walking; Gait; Extremities; Hindlimb; Biomechanical Phenomena; Animals; Temperature; Muscle Contraction; Biomechanical Phenomena; Muscle, Skeletal; Lower Extremity; Anura; Animals; Robotics; Environment; Poaceae; Trees; Biomechanical Phenomena; Movement; Nonlinear Dynamics; Animals; Muscle Spindles; Lower Extremity; Forelimb; Hindlimb; Bufo marinus"
"Baker, Nicholas",prof,research,"Baker, Nicholas[Author] AND Irvine[Affiliation] OR Baker, NE[Author] AND Irvine[Affiliation]",['39131389'],
"Bardwell, Lee",prof,research,"Bardwell, Lee[Author] AND Irvine[Affiliation] OR Bardwell, L[Author] AND Irvine[Affiliation]","['39105756', '37945169', '37145016', '35831023', '35027733']","Animals; Caenorhabditis elegans; Caenorhabditis elegans Proteins; CDC2 Protein Kinase; Cdc20 Proteins; Cyclin B; Cyclin B1; Cyclin B2; Embryo, Nonmammalian; Mitosis; Phosphorylation; Animals; Humans; Saccharomyces cerevisiae; Mitogen-Activated Protein Kinases; Signal Transduction; Phosphorylation; Protein Kinases; Mammals; Animals; Binding Sites; Cells, Cultured; Conserved Sequence; Hedgehog Proteins; Humans; MAP Kinase Signaling System; Mitogen-Activated Protein Kinase 1; Mutation; Neoplasms; Phosphorylation; Protein Binding; Repressor Proteins; Zinc Finger Protein GLI1; Cadmium; Cell Line, Tumor; DNA-Binding Proteins; Gene Expression Regulation; HEK293 Cells; HeLa Cells; Hippo Signaling Pathway; Homeostasis; Humans; Inactivation, Metabolic; Phosphorylation; Protein Serine-Threonine Kinases; Stress, Physiological; Transcription Factors; Transcription, Genetic; Tumor Suppressor Proteins; Zinc; Transcription Factor MTF-1"
"Blumberg, Bruce",prof,research,"Blumberg, Bruce[Author] AND Irvine[Affiliation] OR Blumberg, B[Author] AND Irvine[Affiliation]","['40179257', '39613954', '39502475', '38546853', '38077066', '38052962', '37361542', '37230767', '37230178', '36750942', '36740725', '35716579', '35714447', '35395240', '35393121', '35208169', '35026188', '34975759']","Animals; Trialkyltin Compounds; Female; Male; Pregnancy; Prenatal Exposure Delayed Effects; Obesity; Mice; Diet, Western; Diet, High-Fat; Insulin Resistance; Endocrine Disruptors; Mice, Inbred C57BL; Leptin; Humans; Animals; Metabolic Diseases; Endocrine Disruptors; Consensus; Energy Metabolism; Humans; Obesity; Child; Pregnancy; Female; Humans; Adolescent; Child, Preschool; Endocrine Disruptors; Autism Spectrum Disorder; Prenatal Exposure Delayed Effects; Autistic Disorder; Pesticides; Epidemiologic Studies; Male; Mice; Animals; Pregnane X Receptor; Receptors, Steroid; Xenobiotics; Obesity; Adipocytes; Insulin Resistance; Diet, High-Fat; Humans; Environmental Exposure; Endocrine Disruptors; Obesity; Weight Gain; Pandemics; Humans; Adipogenesis; Retinoid X Receptors; PPAR gamma; Mesenchymal Stem Cells; Lipids; Female; Pregnancy; Male; Animals; Mice; Adipogenesis; Rosiglitazone; PPAR gamma; Mesenchymal Stem Cells; Cell Differentiation; Obesity; MicroRNAs; Adipogenesis; Adipose Tissue; Child, Preschool; Endocrine Disruptors; Environmental Exposure; Humans; Obesity; 3T3-L1 Cells; Adipocytes; Adipogenesis; Animals; Caenorhabditis elegans; Cell Differentiation; Mice; Obesity; Zebrafish; Adipogenesis; Animals; Benzamides; Cannabidiol; Cell Line, Transformed; Humans; Lipogenesis; Lipolysis; Mesenchymal Stem Cells; Mice; PPAR gamma; Pyridines; Animals; Chromatin; DNA Methylation; Endocrine Disruptors; Environmental Exposure; Epigenesis, Genetic; Female; Genetic Predisposition to Disease; Histones; Humans; Inheritance Patterns; Male; Methylation; Obesity; Phenotype"
"Blurton-Jones, Mathew",prof,research,"Blurton-Jones, Mathew[Author] AND Irvine[Affiliation] OR Blurton-Jones, M[Author] AND Irvine[Affiliation]","['40475700', '40233761', '40205047', '40074745', '39813317', '39612244', '39142282', '39018376', '38970922', '38961225', '38897209', '38897208', '38523285', '38519640', '38482922', '38293075', '38115077', '37957324', '37582369', '37543250']","Humans; Induced Pluripotent Stem Cells; Animals; Microglia; Mice; Alzheimer Disease; Female; Neprilysin; Central Nervous System; Brain; Microglia; Alzheimer Disease; Animals; Mice; Hepatitis A Virus Cellular Receptor 2; Transforming Growth Factor beta; Disease Models, Animal; Male; Signal Transduction; Receptor, Transforming Growth Factor-beta Type II; Humans; Smad2 Protein; Female; Phagocytosis; Cognitive Dysfunction; Amyloid beta-Peptides; Phosphorylation; Homeostasis; Mice, Transgenic; Animals; Microglia; Disease Models, Animal; Xenon; Amyloidosis; Administration, Inhalation; Mice; Tauopathies; Mice, Transgenic; Alzheimer Disease; Plaque, Amyloid; Mice, Inbred C57BL; Humans; Humans; Induced Pluripotent Stem Cells; Microglia; Alzheimer Disease; tau Proteins; Neurons; Amyloid beta-Peptides; Phagocytosis; Presenilin-1; Ferroptosis; Lipid Peroxidation; Organoids; Coculture Techniques; Microglia; Blood-Brain Barrier; Animals; Cholesterol; Endothelial Cells; Mice; Brain; Receptors, Granulocyte-Macrophage Colony-Stimulating Factor; Mice, Inbred C57BL; Male; Organic Chemicals; Microglia; Complement C1q; Humans; Phenotype; Induced Pluripotent Stem Cells; Organelles; Mitochondria; Microscopy; Cells, Cultured; Humans; Microglia; Induced Pluripotent Stem Cells; Calcium Signaling; Cell Movement; Endoplasmic Reticulum; Calcium; Cyclic AMP; Chemotaxis; Aged; Animals; Female; Humans; Male; Mice; Alzheimer Disease; Apolipoprotein E4; Brain; Cognitive Dysfunction; Disease Models, Animal; Interleukin-17; Mice, Transgenic; Microglia; Neutrophils; Plaque, Amyloid; Sex Factors; Animals; Microglia; Leukoencephalopathies; Humans; Mice; Disease Models, Animal; Induced Pluripotent Stem Cells; Receptors, Granulocyte-Macrophage Colony-Stimulating Factor; Gliosis; Receptor, Macrophage Colony-Stimulating Factor; Microglia; Animals; Mice; Aging; Receptors, Granulocyte-Macrophage Colony-Stimulating Factor; Brain; Mice, Inbred C57BL; Male; White Matter; Leukoencephalopathies; Thalamus; Humans; Microglia; Schizophrenia; Male; Female; Twins, Monozygotic; Adult; Induced Pluripotent Stem Cells; Interleukin-1beta; Sulfoxides; Inflammation; Middle Aged; Isothiocyanates; Alzheimer Disease; Animals; NF-E2-Related Factor 2; Microglia; Humans; Mice; Interferon-gamma; Disease Models, Animal; Oxidative Stress; Mice, Transgenic; Humans; Animals; Mice; Apolipoprotein E4; Microglia; Apolipoprotein E3; Alzheimer Disease; Apolipoproteins E; Mice, Transgenic; Mice; Animals; Humans; Female; Microglia; Breast Neoplasms; Brain Neoplasms; Brain; Treatment Outcome; Humans; Mice; Animals; Microglia; Gene Regulatory Networks; Brain; Induced Pluripotent Stem Cells; Gene Expression Regulation; Humans; Frontotemporal Dementia; Induced Pluripotent Stem Cells; Microglia; Endosomal Sorting Complexes Required for Transport"
"Bracken, Matthew",prof,research,"Bracken, Matthew[Author] AND Irvine[Affiliation] OR Bracken, MES[Author] AND Irvine[Affiliation]","['39358884', '38912782', '38703050', '37546568', '37260224', '35039551']",Animals; Biomass; Food Chain; Mollusca; Macrocystis; Kelp; Conservation of Natural Resources; Urea; Nitrates; Ammonium Compounds; Nitrogen; California; Kelp; Macrocystis; Seawater; Ecosystem; Carbon Dioxide; Alaska; Oxygen; Hydrogen-Ion Concentration
"Briscoe, Adriana",prof,research,"Briscoe, Adriana[Author] AND Irvine[Affiliation] OR Briscoe, AD[Author] AND Irvine[Affiliation]","['39915690', '38513043', '37552755', '36058243', '35348742']","Animals; Butterflies; Biological Mimicry; Pigmentation; Color Vision; Wings, Animal; Male; Female; Sexual Behavior, Animal; Color; Animals; Male; Mating Preference, Animal; Butterflies; Reproduction; Animals; Female; Color Vision; Butterflies; Eye; Opsins; Rhodopsin; Animals; Drosophila melanogaster; Evolution, Molecular; Insecta; Opsins; Phylogeny; Animals; Butterflies; Color Vision; Female; Opsins; Photoreceptor Cells; Wings, Animal"
"Burley, Nancy",prof,research,"Burley, Nancy[Author] AND Irvine[Affiliation] OR Burley, N[Author] AND Irvine[Affiliation]",[],
"Busciglio, Jorge",prof,research,"Busciglio, Jorge[Author] AND Irvine[Affiliation] OR Busciglio, J[Author] AND Irvine[Affiliation]","['40445428', '40257051', '39756004', '37064334', '37021589', '36742045']","Humans; Down Syndrome; COVID-19; Female; Male; SARS-CoV-2; Cerebral Cortex; Aneuploidy; Cells, Cultured; Serine Endopeptidases; Humans; Down Syndrome; Alzheimer Disease; Extracellular Vesicles; Male; Female; Biomarkers; Middle Aged; Neurons; Adult; tau Proteins; Nerve Growth Factor; Aged; Tetraspanin 28; Protein Precursors; Down Syndrome; Humans; Animals; Female; Adult; Quality of Life; Child; Biomedical Research; Humans; Adult; Alzheimer Disease; Down Syndrome; Basal Forebrain; Atrophy; Biomarkers"
"Cahill, Larry",prof,research,"Cahill, Larry[Author] AND Irvine[Affiliation] OR Cahill, L[Author] AND Irvine[Affiliation]",['36349596'],"Female; Humans; Male; Oxytocin; Memory, Episodic; Sex Characteristics; Estradiol; Emotions; Administration, Intranasal; Magnetic Resonance Imaging; Double-Blind Method"
"Cho, Ken",prof,research,"Cho, Ken[Author] AND Irvine[Affiliation] OR Cho, K[Author] AND Irvine[Affiliation]","['40480970', '40461469', '40418444', '40175382', '40128256', '40071594', '39829826', '39550025', '39298433', '39222370', '38451304', '38318581', '37436712', '37423592', '36971347', '36606555', '36168140', '35859696', '35848281', '35414985']","Animals; Xenopus; Genome; Chromatin; Embryo, Nonmammalian; Gene Expression Regulation, Developmental; Animals; Chromatin; Zygote; Histones; Gene Expression Regulation, Developmental; Xenopus laevis; Xenopus Proteins; Germ Layers; Transcription Factors; Endoderm; Female; Epigenesis, Genetic; Gastrula; Lysine; Humans; Heart Failure; Caregivers; Self Care; Male; Female; Depression; Aged; Middle Aged; Adult; Aged, 80 and over; Humans; Kidney Transplantation; Kidney Failure, Chronic; Male; United States; Female; Middle Aged; Health Services Accessibility; Healthcare Disparities; Socioeconomic Factors; Adult; Aged; Insurance Coverage; Medicaid; Logistic Models; Socioeconomic Disparities in Health; Humans; Psychotic Disorders; Schizophrenia; Prospective Studies; Adult; Prodromal Symptoms; Young Adult; International Cooperation; Adolescent; Research Design; Male; Female; Humans; Female; Ovarian Neoplasms; Risk Factors; Risk Assessment; Case-Control Studies; N-Myc Proto-Oncogene Protein; Gene Regulatory Networks; Endoderm; Cell Differentiation; Transcription Factors; Gene Expression Regulation, Developmental; Histones; Histone Deacetylase 1; Chromatin; Blastocyst; Histone Deacetylases; Embryonic Development; Acetylation; Histone Deacetylase 2; Humans; Learning; Curriculum; Students; Educational Measurement; Laboratories; Animals; Xenopus laevis; Epigenomics; Chromatin; Embryonic Development; Zygote; Gene Expression Regulation, Developmental; Animals; Chromatin; Forkhead Transcription Factors; Gene Expression Regulation, Developmental; Mice; Proteomics; Xenopus Proteins; Xenopus laevis"
"Chrastil, Elizabeth",assoc prof,research,"Chrastil, Elizabeth[Author] AND Irvine[Affiliation] OR Chrastil, E[Author] AND Irvine[Affiliation]","['40262422', '39566126', '39284962', '38919601', '38587934', '38190546', '36460006', '36322732', '35995375']",Humans; Female; Male; Young Adult; Adult; Adolescent; Spatial Navigation; Exploratory Behavior; Spatial Learning; Spatial Memory; Sex Factors; Maze Learning; Humans; Male; Hippocampus; Female; Spatial Navigation; Young Adult; Adult; Magnetic Resonance Imaging; Maze Learning; Adolescent; Organ Size; Spatial Memory; Humans; Female; Pregnancy; Brain; Adult; Magnetic Resonance Imaging; Gray Matter; White Matter; Humans; Figural Aftereffect; Motion; Motion Perception; Spatial Memory; Spatial Learning; Gyrus Cinguli; Cognition; Cerebral Cortex; Spatial Navigation; Animals; Humans; Brain; Temporal Lobe; Neurons; Head; Hippocampus; Humans; Maze Learning; Memory; Spatial Navigation; Theta Rhythm
"Cinquin, Olivier",assoc prof,research,"Cinquin, Olivier[Author] AND Irvine[Affiliation] OR Cinquin, O[Author] AND Irvine[Affiliation]","['39910777', '38314912']","Computational Biology; Programming Languages; Software; Databases, Factual; Genomics; Humans; Large Language Models; Generative Artificial Intelligence; Humans; Medicine; Cell Line; Chromatin Immunoprecipitation; Databases, Factual; Language"
"Cocco, Melanie",assoc prof,research,"Cocco, Melanie[Author] AND Irvine[Affiliation] OR Cocco, M[Author] AND Irvine[Affiliation]","['39467204', '38745908']",Basic Helix-Loop-Helix Transcription Factors; Ligands; Kinetics; Humans; Molecular Dynamics Simulation; Protein Binding
"Cohen-Cory, Susana",prof,research,"Cohen-Cory, Susana[Author] AND Irvine[Affiliation] OR Cohen-Cory, S[Author] AND Irvine[Affiliation]","['37252636', '35422013']",Animals; Axons; Cell Adhesion Molecules; Retina; Superior Colliculi; Visual Pathways; Xenopus Proteins; Xenopus laevis
"Connor, Kwasi",asst prof,research,"Connor, Kwasi[Author] AND Irvine[Affiliation] OR Connor, K[Author] AND Irvine[Affiliation]","['38857883', '36572236']",Animals; Mytilus; Amylases; Hot Temperature; Cellulase; Heat-Shock Response; Acclimatization; Diet; Animals; Mytilus; Temperature; Heat-Shock Response; Cold Temperature; Acclimatization
"Cramer, Karina",prof,research,"Cramer, Karina[Author] AND Irvine[Affiliation] OR Cramer, K[Author] AND Irvine[Affiliation]","['39416682', '38189925', '36323869', '35330912', '35221938']","Animals; RNA, Long Noncoding; Phylogeny; Gene Expression Regulation; Biological Evolution; Mammals; Animals; Mice; Microglia; Brain Stem; Trapezoid Body; Hearing; Synapses"
"Daley, Monica",prof,research,"Daley, Monica[Author] AND Irvine[Affiliation] OR Daley, M[Author] AND Irvine[Affiliation]","['40462750', '39665282', '39633193', '39445492', '39148931', '39021771', '38873800', '38290561', '38059428', '37905058', '37565347', '37334740', '37282982', '37086033', '35924117', '35612979', '35294220', '35042414']","Animals; Air; Biomechanical Phenomena; Birds; Extremities; Flight, Animal; Gait; Locomotion; Robotics; Wings, Animal; Walking; Aircraft; Biomimetics; Motion; Animals; Muscle, Skeletal; Rats; Biomechanical Phenomena; Male; Electromyography; Locomotion; Rats, Sprague-Dawley; Muscle Contraction; Avatar; Animals; Galliformes; Muscle, Skeletal; Biomechanical Phenomena; Running; Electromyography; Walking; Muscle Contraction; Isometric Contraction; Conservation of Energy Resources; Tendons; Muscle, Skeletal; Elasticity; Elastomers; Stress, Mechanical; Viscosity; Animals; Genomics; Environment; Animals; Feedback; Robotics; Robotic Surgical Procedures; Locomotion; Spinal Cord; Vertebrates; Mice; Animals; Biomechanical Phenomena; Locomotion; Muscle, Skeletal; Running; Galliformes; Muscle Contraction; Animals; Biomechanical Phenomena; Walking; Muscle, Skeletal; Gait; Galliformes; Biomechanical Phenomena; History, 20th Century; History, 21st Century; Animals; Biomechanical Phenomena; Birds; Gait; Leg; Locomotion; Robotics; Animals; Biology; Biomechanical Phenomena; Locomotion; Movement; Robotics"
"Donovan, Peter",prof,research,"Donovan, Peter[Author] AND Irvine[Affiliation] OR Donovan, P[Author] AND Irvine[Affiliation]",['38629187'],Humans; Chromatin; Transcription Factor 7-Like 1 Protein; Human Embryonic Stem Cells; Protein Binding; Wnt Signaling Pathway; Cell Line
"Drayman, Nir",asst prof,research,"Drayman, Nir[Author] AND Irvine[Affiliation] OR Drayman, N[Author] AND Irvine[Affiliation]","['40044688', '39814710', '39287456', '38168299', '38008398', '37991369', '37747254', '36217030']","Virus Replication; Humans; Genome, Viral; Herpesvirus 1, Human; Homeodomain Proteins; Zygote; Gene Expression Regulation, Viral; Herpesviridae; Animals; CRISPR-Cas Systems; Transcription, Genetic; HEK293 Cells; Herpesvirus 1, Human; Antiviral Agents; Humans; Decitabine; Drug Repositioning; Acyclovir; Herpes Simplex; Animals; Drug Synergism; Virus Replication; Drug Resistance, Viral; Chlorocebus aethiops; Vero Cells; Keratinocytes; Cell Line; Single-Cell Analysis; Humans; Virus Diseases; COVID-19; SARS-CoV-2; Animals; Sequence Analysis, RNA; Viruses; DNA, Viral; Genome, Viral; Herpesvirus 1, Human; Mutation; Virus Replication; Eukaryotic Cells; Cell Nucleus; Serial Passage; Humans; Humans; Herpesvirus 1, Human; Virus Diseases; Orthomyxoviridae; Humans; Cell Line; COVID-19; Gene Expression Regulation; SARS-CoV-2; Viral Proteins; Protein Interaction Mapping"
"Edinger, Aimee",prof,research,"Edinger, Aimee[Author] AND Irvine[Affiliation] OR Edinger, A[Author] AND Irvine[Affiliation]","['39602282', '39027368', '38735134', '37779389', '37693406', '37022133', '36727438']","Pinocytosis; Humans; Autophagy; Cell Line, Tumor; Sodium-Hydrogen Exchangers; Amiloride; Cell Proliferation; CRISPR-Cas Systems; Vacuoles; Endosomes; Humans; Phosphatidylinositols; Animals; PTEN Phosphohydrolase; Phosphatidylinositol 3-Kinases; Class III Phosphatidylinositol 3-Kinases; Mice; Morpholines; Vacuolar Proton-Translocating ATPases; Cytoplasm; HeLa Cells; Aminopyridines; Heterocyclic Compounds, 3-Ring; Humans; Minority Groups; Cultural Diversity; Faculty; Students; Schools; Animals; Mice; Humans; Kidney Glomerulus; Podocytes; Endosomes; Drosophila; Kidney; Mammals; Animals; Mice; Oligonucleotides; Endosomes; Endocytosis; Biological Transport; Oligonucleotides, Antisense; RNA, Small Interfering"
"Emerson, J.J.",assoc prof,research,"Emerson, James[Author] AND Irvine[Affiliation] OR Emerson, JJ[Author] AND Irvine[Affiliation] OR 0000-0001-9474-0891[Author - Identifier]","['39990489', '39975360', '39920270', '39875578', '39693425', '38915508', '37552755', '37494033', '35710823', '35501892']","Evolution, Molecular; Selection, Genetic; Animals; Gene Regulatory Networks; Humans; Mutation; Gene Duplication; Phenotype; Plants; Animals; Enhancer Elements, Genetic; Evolution, Molecular; Drosophila melanogaster; Drosophila Proteins; Genes, Duplicate; Gene Duplication; Genome, Insect; Animals; Female; Color Vision; Butterflies; Eye; Opsins; Rhodopsin; Genome-Wide Association Study; Gene Frequency; Genomics; Software; High-Throughput Nucleotide Sequencing; Animals; Chromatin; Chromatin Assembly and Disassembly; Genome; Heterochromatin; Mammals; Molecular Conformation"
"Eom, Dae Seok",asst prof,research,"Eom, Dae Seok[Author] AND Irvine[Affiliation] OR Eom, D[Author] AND Irvine[Affiliation]","['39242378', '38463999', '37454294', '35467525', '35355366']",Animals; Cell Communication; Humans; Zebrafish; Signal Transduction; Animals; Zebrafish; Matrix Metalloproteinase 9; Macrophages; Cell Communication; Signal Transduction; Animals; Cell Surface Extensions; Diffusion; Zebrafish; Animals; Drosophila; Drosophila Proteins; Endoderm; Muscles; Zebrafish
"Faiola, Celia",assoc prof,research,"Faiola, Celia[Author] AND Irvine[Affiliation] OR Faiola, C[Author] AND Irvine[Affiliation]","['39018113', '38812434', '38669108', '38371653', '37223424', '36249538']","Aerosols; Oxidation-Reduction; Volatile Organic Compounds; Air Pollutants; Terpenes; Acyclic Monoterpenes; Models, Chemical; Photochemical Processes; Atmosphere; Bicyclic Monoterpenes; Monoterpenes; Environmental Monitoring; Ozone; Sesquiterpenes; Atmosphere; Air Pollutants; Isomerism"
"Fortin, Norbert",prof,research,"Fortin, Norbert[Author] AND Irvine[Affiliation] OR Fortin, N[Author] AND Irvine[Affiliation]","['40282562', '40270583', '35781923', '35532116', '35136052']","Animals; CA1 Region, Hippocampal; Cognition; Hippocampus; Memory; Odorants; Rats; Theta Rhythm; Acoustic Stimulation; Animals; Auditory Perception; Electrodes, Implanted; Hippocampus; Machine Learning; Male; Memory; Models, Animal; Nerve Net; Odorants; Olfactory Perception; Rats; Stereotaxic Techniques; Time Factors"
"Fowler, Christie",prof,research,"Fowler, Christie[Author] AND Irvine[Affiliation] OR Fowler, C[Author] AND Irvine[Affiliation]","['40312816', '39665315', '39436961', '39372847', '39346680', '39334909', '38486879', '38464047', '38176534', '37821229', '37645635', '37398219', '36481259', '35332148', '35090174']","Animals; Humans; Biomedical Research; Extracellular Vesicles; Eye Diseases; National Eye Institute (U.S.); United States; Vision, Ocular; Medulloblastoma; Humans; Animals; Mice; Cell Proliferation; Cell Line, Tumor; Cell Movement; Xenograft Model Antitumor Assays; Cerebellar Neoplasms; Antineoplastic Agents; Child; Apoptosis; Dronabinol; Animals; Extracellular Vesicles; Male; Female; Rats; Proteomics; Brain; Rats, Sprague-Dawley; Administration, Inhalation; Receptor, Cannabinoid, CB1; Signal Transduction; Mice; Male; Female; Animals; Nicotine; Cannabidiol; Smoking; Substance Withdrawal Syndrome; Smoking Cessation; Male; Adolescent; Female; Humans; Nicotine; Nicotinic Agonists; Habenula; Electronic Nicotine Delivery Systems; Synaptic Transmission; Cholinergic Neurons; Receptors, Purinergic P2; Adenosine Triphosphate; Adolescent; Humans; Rats; Male; Female; Animals; Dronabinol; Rats, Sprague-Dawley; Cannabis; Mass Spectrometry; Aerosols; Humans; Nicotine; Quality of Life; Smoking Cessation; Tobacco Products; Tobacco Use; Tobacco Use Cessation Devices; Animals; Cognition; Dronabinol; Electronic Nicotine Delivery Systems; Female; Humans; Male; Nicotine; Pregnancy; Prenatal Exposure Delayed Effects; Rats"
"Frank, Steven",prof,research,"Frank, Steven[Author] AND Irvine[Affiliation] OR Frank, S[Author] AND Irvine[Affiliation]","['40065655', '39347377', '39328288', '39298476', '39112299', '38128480', '37868077', '37628192', '37117073', '36950372', '36845325', '36645393', '36138773']","Humans; Neoplasms; Phenotype; Epigenesis, Genetic; Mutation; Animals; Evolution, Molecular; Genotype; Cell Biology; Phenotype; Biological Evolution; Bacteria; Models, Genetic; Mutation; Computer Simulation; Phenotype; Inheritance Patterns; Disease"
"Frostig, Ron",prof,research,"Frostig, Ron[Author] AND Irvine[Affiliation] OR Frostig, R[Author] AND Irvine[Affiliation]","['40386424', '37550353', '36455372', '36155970', '35110588']","Rats; Animals; Infarction, Middle Cerebral Artery; Lactic Acid; Astrocytes; Neuroprotection; Ischemic Attack, Transient; Neurons; Brain Ischemia; Rats; Animals; Glutamic Acid; Biosensing Techniques; Brain; Neurotransmitter Agents; gamma-Aminobutyric Acid; Anesthetics; Animals; Brain; Head; Neuroimaging; Rats; Wakefulness; Action Potentials; Animals; Brain Ischemia; Cerebral Cortex; Disease Models, Animal; Electric Stimulation; Infarction, Middle Cerebral Artery; Ischemic Attack, Transient; Microelectrodes; Neural Conduction; Rats; Stroke"
"Fruman, David",prof,research,"Fruman, David[Author] AND Irvine[Affiliation] OR Fruman, D[Author] AND Irvine[Affiliation]","['39024548', '38848689', '37956312', '37596643', '37553270', '37145016', '37141632', '37124486', '36727438', '36572154']","Triple Negative Breast Neoplasms; Humans; Animals; Mice; Cholesterol; Female; Proto-Oncogene Proteins c-akt; Hydroxymethylglutaryl-CoA Reductase Inhibitors; Quinolines; Xenograft Model Antitumor Assays; Drug Synergism; Cell Line, Tumor; Sterol Regulatory Element Binding Protein 2; Cell Proliferation; Mechanistic Target of Rapamycin Complex 1; Humans; Signal Transduction; Proteasome Endopeptidase Complex; Ubiquitin-Protein Ligases; Proteolysis; TOR Serine-Threonine Kinases; Multiprotein Complexes; Animals; Mevalonic Acid; Ubiquitin; Humans; Myeloid Cell Leukemia Sequence 1 Protein; Multiple Myeloma; Proto-Oncogene Proteins c-bcl-2; Hydroxymethylglutaryl-CoA Reductase Inhibitors; Retrospective Studies; Prospective Studies; Antineoplastic Agents; Hematologic Neoplasms; Humans; Phosphatidylinositol 3-Kinases; Proto-Oncogene Proteins c-akt; Signal Transduction; TOR Serine-Threonine Kinases; Neoplasms; Humans; Phosphatidylinositol 3-Kinases; Phosphoinositide-3 Kinase Inhibitors; Reperfusion Injury; Protein Isoforms; Cobalt; Immunosuppressive Agents; Catalysis; Animals; Mice; Oligonucleotides; Endosomes; Endocytosis; Biological Transport; Oligonucleotides, Antisense; RNA, Small Interfering; Humans; Mice; Animals; Cell Line, Tumor; Mice, Inbred C57BL; Doxorubicin; Drug Delivery Systems; DNA Adducts; Neoplasms"
"Gaut, Brandon",prof,research,"Gaut, Brandon[Author] AND Irvine[Affiliation] OR Gaut, B[Author] AND Irvine[Affiliation]","['40415570', '40032836', '40030019', '39975360', '39918952', '39496880', '39235107', '38572990', '38197288', '38128754', '38111050', '38011557', '37918960', '37550371', '37434713', '37392001', '37276420', '37253933', '37140066', '37138640']","Vitis; Genome, Plant; Plant Breeding; Reproduction; Pollination; Genetic Variation; Genetics, Population; Heterozygote; Persea; Honduras; Domestication; Fruit; Archaeology; Humans; Seeds; History, Ancient; Crops, Agricultural; Genome, Plant; Epigenomics; Genomics; Homozygote; Reproduction; Epigenesis, Genetic; Gene Expression Regulation, Plant; Genes, Plant; Diploidy; Chromosomes, Plant; Vitis; Quantitative Trait Loci; Genome, Plant; Genome-Wide Association Study; Plant Breeding; Phenotype; Chromosome Mapping; Genomics; Genetic Variation; Polymorphism, Single Nucleotide; Epistasis, Genetic; Escherichia coli; Escherichia coli Proteins; DNA-Directed RNA Polymerases; Genetic Fitness; Mutation; Hot Temperature; Rho Factor; Adaptation, Physiological; Sphingomonas; Climate Change; California; Soil Microbiology; Ecosystem; Phylogeny; Microbiota; Metagenomics; Grassland; Phylogeny; Periodicals as Topic; Molecular Biology; Evolution, Molecular; Software; DNA Transposable Elements; Epigenesis, Genetic; Genome, Plant; Plants; RNA, Small Interfering; Genome, Plant; Vitis; Plant Breeding; Genomics; North America; Humans; Domestication; Clergy; Heterozygote; Genetic Variation; Zea mays; DNA Transposable Elements; MicroRNAs; DNA Methylation; Nucleic Acid Conformation; Gene Expression Regulation, Plant; RNA, Plant; Genome, Plant; Genes, Plant; Domestication; Phylogeny; Oryza; China; Alleles; Climate Change; Genetics, Population; Polymorphism, Single Nucleotide; Genetic Variation; Domestication; Europe; Genomics; Sequence Analysis, DNA; Vitis; Vitis; Genome-Wide Association Study; Xylella; Climate Change; Escherichia coli; Evolution, Molecular; Adaptation, Physiological; Phenotype; Genotype; Mutation; Genetic Background; Epistasis, Genetic"
"German, Donovan",prof,research,"German, Donovan[Author] AND Irvine[Affiliation] OR German, D[Author] AND Irvine[Affiliation]","['39535517', '39079786', '37690047', '37625480', '36646309', '36646307', '36572236', '36321765', '36013968', '35961610', '35537602', '35199884', '35076747']","Down Syndrome; Humans; Alzheimer Disease; Biomarkers; tau Proteins; Disease Progression; Animals; Fishes; Stomach; Biological Evolution; Animals; Carnivory; Trypsin; Phylogeny; Pancreatic alpha-Amylases; Perciformes; Fishes; Diet; Lipase; Esters; Animals; Carnivory; Diet; Perciformes; Digestive System Physiological Phenomena; Body Size; Male; Animals; Digestion; Reproducibility of Results; Lizards; Temperature; Diet; Animals; Acclimatization; Adaptation, Physiological; Fires; Animals; Mytilus; Temperature; Heat-Shock Response; Cold Temperature; Acclimatization; Animals; Ecosystem; Genome; Perciformes; Fishes; Genomics; Chromosomes; Animals; Diet; Dietary Fiber; Digestive System Physiological Phenomena; Gastrointestinal Microbiome; RNA, Ribosomal, 16S; Zebrafish; Alkaline Phosphatase; Aminopeptidases; Amylases; Animals; Cellulases; Gastropoda; Heat-Shock Response; Leucine; Trypsin; alpha-Glucosidases; Animal Husbandry; Animals; Diet; Animals; Diet; Fishes; Perciformes; Phylogeny; Transcriptome"
"Gershon, Paul",prof,research,"Gershon, Paul[Author] AND Irvine[Affiliation] OR Gershon, P[Author] AND Irvine[Affiliation]","['40478625', '40467586', '39147237', '38629187', '37646531', '36219861', '35330912']","Humans; Insulin-Secreting Cells; Animals; Signal Transduction; Proto-Oncogene Mas; Mice; Organoids; src-Family Kinases; Pluripotent Stem Cells; Diabetes Mellitus, Experimental; Transcription Factors; Ion Channels; DNA-Binding Proteins; Insulin Secretion; Glucose; Nuclear Proteins; Transcriptome; Male; Cell Differentiation; Islets of Langerhans; Membrane Proteins; Humans; Triple Negative Breast Neoplasms; DNA Damage; Female; Immunity, Innate; Phosphoric Monoester Hydrolases; Signal Transduction; Tumor Microenvironment; Humans; Chromatin; Transcription Factor 7-Like 1 Protein; Human Embryonic Stem Cells; Protein Binding; Wnt Signaling Pathway; Cell Line; Humans; Vaccinia; Deep Learning; Vaccinia virus; Virion; Poxviridae; Rats; Male; Humans; Animals; Adipose Tissue; Rodentia; Adipogenesis; Obesity; Fascia; Allografts"
"Glabe, Charles",prof,research,"Glabe, Charles[Author] AND Irvine[Affiliation] OR Glabe, C[Author] AND Irvine[Affiliation]","['40433590', '40120680', '38914864', '37801475', '36448627', '36429057', '36278355', '35183929']","Humans; Pemphigus; Autoantibodies; Receptor, Muscarinic M3; Keratinocytes; Epitopes; Desmoglein 3; Desmoglein 1; Humans; Animals; Mice; Alzheimer Disease; tau Proteins; Single-Domain Antibodies; Neurofibrillary Tangles; Supranuclear Palsy, Progressive; Antibodies; Brain; Mice; Humans; Animals; Infant; Alzheimer Disease; Microglia; Mice, Transgenic; Plaque, Amyloid; Disease Models, Animal; Amyloid beta-Peptides; Phosphatidylinositol-3,4,5-Trisphosphate 5-Phosphatases; Humans; Alzheimer Disease; Amyloid beta-Peptides; Calcium; Brain; Energy Metabolism; Mice; Animals; Mice, Transgenic; Alzheimer Disease; Amyloid beta-Protein Precursor; Amyloid beta-Peptides; Plaque, Amyloid; Disease Models, Animal; CA1 Region, Hippocampal; Glutathione; Antibodies, Monoclonal; Congo Red; Female; Humans; Hypertension; Pre-Eclampsia; Pregnancy; Proteinuria"
"Gonen, Shane",asst prof,research,"Gonen, Shane[Author] AND Irvine[Affiliation] OR Gonen, S[Author] AND Irvine[Affiliation]","['40251446', '39920100', '39840957', '39253517', '39185190', '39033537', '38915633', '38891853', '36590526']","Zebrafish; Animals; Gastrointestinal Microbiome; Bacteriophages; Virion; Escherichia coli; Humans; Brain; Humans; Spider Venoms; Cryoelectron Microscopy; NAV1.8 Voltage-Gated Sodium Channel; Peptides; Voltage-Gated Sodium Channel Blockers; Ion Channel Gating; Models, Molecular; Stenotrophomonas maltophilia; Bacteriophages; Humans; Phage Therapy; Gram-Negative Bacterial Infections; Kinetics; Anti-Bacterial Agents; Wastewater; Genomics; Conotoxins; Deep Learning; Animals; Algorithms; Models, Molecular; Conus Snail; Cryoelectron Microscopy; Models, Molecular; Proteins; Multiprotein Complexes; Image Processing, Computer-Assisted; Protein Conformation"
"Goulding, Celia",prof,research,"Goulding, Celia[Author] AND Irvine[Affiliation] OR Goulding, C[Author] AND Irvine[Affiliation]","['39770668', '39394186', '38425033', '37747938', '36395154', '36271082', '36038560', '35558562']","Glycation End Products, Advanced; Enterobacter cloacae; Bacterial Proteins; Pyruvaldehyde; Arginine; Protein Processing, Post-Translational; Lysine; Disulfides; Humans; Pandemics; Mycobacterium tuberculosis; Tuberculosis; Siderophores; Iron; Disulfides; Bacterial Proteins; Mycobacteriaceae; Humans; Iron; Siderophores; Mycobacterium tuberculosis; Ligands; Bacterial Proteins; Heme; Alanine Dehydrogenase; Mycobacterium tuberculosis; Nucleosides; Enzyme Inhibitors; Drug Discovery; Anti-Bacterial Agents; Escherichia coli; Escherichia coli Proteins; Membrane Proteins; Proteolysis"
"Green, Kim",prof,research,"Green, Kim[Author] AND Irvine[Affiliation] OR Green, K[Author] AND Irvine[Affiliation]","['40475700', '40466634', '40311610', '40196824', '39988890', '39844286', '39671543', '39578645', '39484433', '39103533', '38895362', '38879499', '38711159', '38572865', '38506634', '38460121', '38426371', '38106071', '38099152', '37957324']","Animals; Microglia; Integrases; Mice; Mice, Transgenic; Alzheimer Disease; Disease Models, Animal; Brain; Mice, Inbred C57BL; Plaque, Amyloid; Male; Female; Animals; Microglia; Mice; Alzheimer Disease; Plaque, Amyloid; tau Proteins; Mice, Transgenic; Disease Models, Animal; Tauopathies; Brain; Apolipoproteins E; Humans; Aged; Aged, 80 and over; Female; Humans; Male; Middle Aged; Alzheimer Disease; Amyloid beta-Peptides; Biomarkers; Double-Blind Method; Niacinamide; Phosphorylation; Proof of Concept Study; tau Proteins; Treatment Outcome; Vitamin B Complex; Alzheimer Disease; Animals; Humans; Down Syndrome; Transcriptome; Mice; Female; Gene Expression Profiling; Disease Models, Animal; Male; Cell Nucleus; Aged; Gene Regulatory Networks; Aged, 80 and over; Cell Communication; Animals; Alzheimer Disease; Receptors, Immunologic; Mice; Membrane Glycoproteins; Mice, Transgenic; Neurons; Transcriptome; Microglia; Brain; Disease Models, Animal; Plaque, Amyloid; Mutation; Astrocytes; Single-Cell Analysis; Humans; Mutation, Missense; Receptor, trkB; Brain-Derived Neurotrophic Factor; Gene Expression Profiling; Male; Animals; Mice; Demyelinating Diseases; Murine hepatitis virus; Cystatins; Mice, Knockout; Coronavirus Infections; Mice, Inbred C57BL; Neuroinflammatory Diseases; Animals; Alzheimer Disease; Microglia; Dendrimers; Plaque, Amyloid; Mice, Transgenic; Disease Models, Animal; Mice; Amyloid beta-Peptides; Receptors, Granulocyte-Macrophage Colony-Stimulating Factor; Humans; Animals; Female; Humans; Male; Mice; Alzheimer Disease; Amyloid beta-Peptides; Disease Models, Animal; Gastrointestinal Microbiome; Gene Knock-In Techniques; Genotype; Metabolomics; Mice, Transgenic; Microbiota; Sex Characteristics; Animals; Mice; ATP-Binding Cassette Transporters; Plaque, Amyloid; Amyloid beta-Peptides; Alzheimer Disease; Mice, Transgenic; Neurons; Disease Models, Animal; Humans; Brain; Microglia; Phagocytosis; Amyloid beta-Protein Precursor; Animals; Mice; Alzheimer Disease; Amyloid beta-Peptides; Disease Models, Animal; Mice, Transgenic; Neuroglia; Plaque, Amyloid; Humans; Mice; Humans; Female; Animals; Alzheimer Disease; Plaque, Amyloid; Resilience, Psychological; Mice, Inbred C57BL; Microglia; Genetic Variation; Disease Models, Animal; Mice, Transgenic; Amyloid beta-Peptides; Mice; Animals; Humans; Female; Microglia; Breast Neoplasms; Brain Neoplasms; Brain; Treatment Outcome"
"Green, Michael",prof,research,"Green, Michael[Author] AND Irvine[Affiliation] OR Green, M[Author] AND Irvine[Affiliation]","['40345610', '40279599', '40215501', '40036067', '40021189', '40007253', '39878999', '39843750', '39752696', '39718446', '39513400', '39485965', '39412423', '39303265', '39013848', '38895446', '38703765', '38671214', '38405768', '38370846']","Humans; Schizophrenia; Magnetic Resonance Imaging; Brain; Male; Female; Adult; White Matter; Gray Matter; Anisotropy; Middle Aged; Diffusion Tensor Imaging; Female; Humans; Male; Bipolar Disorder; Black or African American; Chromosome Mapping; Cohort Studies; Genetic Predisposition to Disease; Genome-Wide Association Study; Genomics; Hispanic or Latino; Phenotype; White; White People; Oxygen; Oxidation-Reduction; Models, Molecular; Iron; Crystallography, X-Ray; Catalytic Domain; Humans; Antifungal Agents; Candidiasis, Invasive; Child; Female; Male; Child, Preschool; Adolescent; Infant; Administration, Intravenous; Triazoles; Cohort Studies; Treatment Outcome; Climate Change; Nitrogen; Plant Leaves; Snow; Plants; Plant Physiological Phenomena; Ecosystem; Plant Development; Humans; Schizophrenia; Male; Female; Adult; Algorithms; Magnetic Resonance Imaging; Gray Matter; Machine Learning; Middle Aged; Brain; Cross-Sectional Studies; Europe; Neuroimaging; Reproducibility of Results; North America; Hippocampus; Humans; Genome-Wide Association Study; Head; Neoplasms; Female; Male; Polymorphism, Single Nucleotide; Genetic Variation; Organ Size; Signal Transduction; Adult; Genetic Predisposition to Disease; Humans; Schizophrenia; Male; Female; Adult; Brain; Middle Aged; Schizophrenic Psychology; Neuroimaging; Cohort Studies; Magnetic Resonance Imaging; Thinking"
"Grill, Joshua",prof,research,"Grill, Joshua[Author] AND Irvine[Affiliation] OR Grill, J[Author] AND Irvine[Affiliation]","['40486075', '40476544', '40454424', '40243238', '40207420', '40095593', '40069789', '40017898', '39988989', '39928326', '39893378', '39814522', '39748852', '39671543', '39559869', '39366841', '39210635', '39086735', '39072914', '39041310']","Humans; Alzheimer Disease; Female; Male; Aged; Life Style; Apolipoprotein E4; Aged, 80 and over; Surveys and Questionnaires; Amyloid beta-Peptides; Aged; Aged, 80 and over; Female; Humans; Male; Aging; Asian American Native Hawaiian and Pacific Islander; Caregivers; Dementia; Registries; United States; Humans; Niacinamide; Alzheimer Disease; Male; Female; Aged; Administration, Oral; tau Proteins; Middle Aged; Biomarkers; Double-Blind Method; Humans; Female; Alzheimer Disease; Aged; Male; Biomarkers; Suicidal Ideation; Disclosure; Suicide; Positron-Emission Tomography; Cohort Studies; Aged, 80 and over; Amyloid; Amyloid beta-Peptides; Middle Aged; Brain; Cognitive Dysfunction; Alzheimer Disease; Life Style; Clinical Trials as Topic; Disease Progression; Humans; Humans; Registries; Male; Female; Surveys and Questionnaires; Aged; Middle Aged; Patient Selection; Adult; Longitudinal Studies; Aged, 80 and over; Alzheimer Disease; Aged; Aged, 80 and over; Female; Humans; Male; Middle Aged; Alzheimer Disease; Amyloid beta-Peptides; Biomarkers; Double-Blind Method; Niacinamide; Phosphorylation; Proof of Concept Study; tau Proteins; Treatment Outcome; Vitamin B Complex; Humans; Alzheimer Disease; Male; Female; Aged; Motivation; Biomarkers; Positron-Emission Tomography; Disclosure; Amyloid beta-Peptides; Alzheimer Disease; Humans; Biomarkers; Positron-Emission Tomography; Disease Management; Prognosis; Aged; Aged, 80 and over; Female; Humans; Male; Middle Aged; Alzheimer Disease; Asian; Hispanic or Latino; Patient Selection; Philippines; Republic of Korea; California; Humans; Alzheimer Disease; Positron-Emission Tomography; Female; Male; Aged; Cognitive Dysfunction; Antibodies, Monoclonal, Humanized; Patient Selection; Motivation; Humans; Male; Female; Alzheimer Disease; Aged; Biomarkers; Positron-Emission Tomography; Amyloid; Ethnicity; Motivation; Middle Aged"
"Gross, Steven",prof,research,"Gross, Steven[Author] AND Irvine[Affiliation] OR Gross, S[Author] AND Irvine[Affiliation]","['40333180', '40074328', '39948212', '38768214', '38472292', '38252641', '37986962', '36849450', '36191197', '35047912']","Histones; Lipopolysaccharides; Animals; Cell Membrane; Anti-Bacterial Agents; Antimicrobial Peptides; Polymyxin B; Humans; Immunity, Innate; Antimicrobial Cationic Peptides; Escherichia coli; Kinesins; Tubulin; Microtubules; Humans; Computer Simulation; Protein Binding; Animals; Kinesins; Biological Transport; Microtubules; Animals; Kinesins; Protein Binding; Kinetics; Microtubules; Computational Biology; Adenosine Diphosphate; Computer Simulation; Models, Biological; Diffusion; Proteins; Cell Communication; Protein Conformation; Protein Processing, Post-Translational; Anti-Bacterial Agents; Clostridioides difficile; Antimicrobial Cationic Peptides; Vancomycin; Metronidazole; Adjuvants, Immunologic; Adjuvants, Pharmaceutic; Clostridioides; DNA; Dynactin Complex; Dyneins; Glycogen Synthase Kinase 3 beta; Kinesins; Microtubule-Associated Proteins; Microtubules; Organelles"
"Halbrook, Christopher",asst prof,research,"Halbrook, Christopher[Author] AND Irvine[Affiliation] OR Halbrook, C[Author] AND Irvine[Affiliation]","['39602282', '37986898', '37059070', '36727849', '36571444', '36411320', '36383486', '35156921']","Pinocytosis; Humans; Autophagy; Cell Line, Tumor; Sodium-Hydrogen Exchangers; Amiloride; Cell Proliferation; CRISPR-Cas Systems; Humans; Carcinoma, Pancreatic Ductal; Pancreatic Neoplasms; Tumor Microenvironment; Early Diagnosis; Prognosis; Animals; Humans; Mice; Arginase; Arginine; CD8-Positive T-Lymphocytes; Macrophages; Pancreatic Neoplasms; Humans; Gemcitabine; Deoxycytidine; Pancreatic Neoplasms; Carcinoma, Pancreatic Ductal; Drug Resistance, Neoplasm; Cell Line, Tumor; Animals; Mice; Humans; Pancreatic Neoplasms; Asparagine; Adenocarcinoma; Symbiosis; Tumor Microenvironment; Animals; Mice; Humans; RNA; Chromatography, Liquid; Tandem Mass Spectrometry; Gene Expression Profiling; Animals; Cell Line, Tumor; Cell Transformation, Neoplastic; Gene Expression Profiling; Granulocyte-Macrophage Colony-Stimulating Factor; Humans; Metabolic Networks and Pathways; Metabolomics; Mice; Mice, Inbred C57BL; Pancreatic Neoplasms; Proteomics; Signal Transduction; Transcription Factors; Tumor-Associated Macrophages"
"Hammer, Tobin",asst prof,research,"Hammer, Tobin[Author] AND Irvine[Affiliation] OR Hammer, T[Author] AND Irvine[Affiliation]","['40177853', '39998222', '39018234', '37855643', '37652785', '37089560', '36333950']","Animals; Bees; Gastrointestinal Microbiome; Symbiosis; Diet; Serratia marcescens; Insecta; Animals; Microbiota; Bacteria; DNA Contamination; Animals; Microbiota; Bacteria; Biodiversity; Bees; Animals; Gastrointestinal Microbiome; RNA, Ribosomal, 16S; Bacteria; Microbiota; Ecology; Biological Evolution; Microbiota; Symbiosis; Host Microbial Interactions; Humans; Bees; Animals; Longevity; RNA, Ribosomal, 16S; Microbiota; Gastrointestinal Microbiome; Bacteria"
"Hu, Yilin",prof,research,"Hu, Yilin[Author] AND Irvine[Affiliation] OR Hu, Y[Author] AND Irvine[Affiliation]","['40451423', '40334661', '40315313', '39809265', '39713742', '39663240', '39650689', '39485985', '39423379', '39094132', '38996325', '38865457', '38829073', '38810729', '38613283', '38569007', '38527309', '38518341', '38480894', '38457710']","Humans; Carcinoma, Non-Small-Cell Lung; ErbB Receptors; Lung Neoplasms; Exons; Female; Male; Prognosis; Biomarkers, Tumor; Middle Aged; Mutagenesis, Insertional; Protein Kinase Inhibitors; Aged; Circulating Tumor DNA; Drug Resistance, Neoplasm; Escherichia coli; Nitrogenase; Azotobacter vinelandii; Oxidoreductases; Bacterial Proteins; Nitrogen Fixation; Humans; Drug Delivery Systems; Neoplasms; Warburg Effect, Oncologic; Gold; Silicon Dioxide; Cell Line, Tumor; Drug Carriers; Lactic Acid; Mixed Function Oxygenases; Hydrogen Peroxide; Nanoparticles; Animals; Metal Nanoparticles; Drug Liberation; Nitrogenase; Biocatalysis; Evolution, Molecular; Catalysis; Nitrogenase; Phylogeny; Nitrogen; Molybdoferredoxin; Models, Molecular; Bacterial Proteins; Nitrogen Fixation; Humans; Female; Breast Neoplasms; Receptor, ErbB-2; Middle Aged; Adult; Aged; Immunohistochemistry; Biomarkers, Tumor; Retrospective Studies; Aged, 80 and over; In Situ Hybridization; Chromosomes, Human, Pair 17; Animals; Drosophila; Transcription Factors; Drosophila Proteins; Gene Expression; Drosophila melanogaster; Animals, Genetically Modified; Nitrogenase; Azotobacter vinelandii; Nitrogen; Adenosine Triphosphate"
"Hughes, Christopher",prof,research,"Hughes, Christopher[Author] AND Irvine[Affiliation] OR Hughes, C[Author] AND Irvine[Affiliation]","['40412386', '40167215', '40161596', '39386043', '39014561', '38947000', '38711620', '38576426', '38460307', '38183074', '38128127', '40151625', '37782104', '36864326', '36831603', '36481562', '36443378', '36405075', '36219861', '35385746']","Humans; Port-Wine Stain; Humans; Endothelial Cells; Endothelium, Vascular; Thrombosis; Humans; Triple Negative Breast Neoplasms; Breast; Paclitaxel; Signal Transduction; Stromal Cells; Tumor Microenvironment; Humans; Islets of Langerhans; Insulin; Diabetes Mellitus; Islets of Langerhans Transplantation; Glucose; Humans; Neoplasms; Coculture Techniques; Microfluidics; Tumor Microenvironment; Humans; Biomarkers, Tumor; Exosomes; Bayes Theorem; Colonic Neoplasms; RNA; Humans; Colorectal Neoplasms; Microfluidics; Tumor Microenvironment; Humans; Endothelial Cells; Transcriptome; Microvessels; Stromal Cells; Pancreatic Neoplasms; Rats; Male; Humans; Animals; Adipose Tissue; Rodentia; Adipogenesis; Obesity; Fascia; Allografts; Animals; Endothelial Cells; Humans; Mice; Neoplasms; Neovascularization, Pathologic; Signal Transduction; Tumor Microenvironment; cdc42 GTP-Binding Protein; rho GTP-Binding Proteins"
"Huxman, Travis",prof,research,"Huxman, Travis[Author] AND Irvine[Affiliation] OR Huxman, T[Author] AND Irvine[Affiliation]","['40415709', '40215280']",Introduced Species; California; Ecosystem; Plants; Grassland; Biomass; Phosphorus; Biodiversity; Nutrients; Nitrogen; Soil; Rain; Ecosystem; Fertilizers
"Inlay, Matthew",assoc prof,research,"Inlay, Matthew[Author] AND Irvine[Affiliation] OR Inlay, M[Author] AND Irvine[Affiliation]","['40466634', '40100602', '40100601', '37538042', '35273232', '35025109']","Animals; Mice; Immunophenotyping; Graft vs Host Disease; Hematopoietic Stem Cell Transplantation; Flow Cytometry; Major Histocompatibility Complex; Transplantation, Homologous; Transplantation Conditioning; Allografts; T-Lymphocytes; Animals; Graft vs Host Disease; Mice; Transplantation, Homologous; Transplantation Conditioning; Hematopoietic Stem Cell Transplantation; T-Lymphocytes; Flow Cytometry; Disease Models, Animal; Mice, Inbred C57BL; Mice; Animals; Fluticasone; Transplantation, Homologous; Hematopoietic Stem Cell Transplantation; Graft vs Host Disease; Immunosuppressive Agents; COVID-19 Nucleic Acid Testing; Humans; Molecular Diagnostic Techniques; Nucleic Acid Amplification Techniques; Real-Time Polymerase Chain Reaction; SARS-CoV-2; Saliva; Specimen Handling; Animals; Bone Marrow Transplantation; Brain; Coronavirus Infections; Macrophages; Mice; Mice, Inbred C57BL; Microglia"
"James, Anthony",prof,research,"James, Anthony[Author] AND Irvine[Affiliation] OR James, A[Author] AND Irvine[Affiliation]","['39602395', '39533215', '39135329', '39103925', '38773487', '38556782', '37965050', '37816607', '37816603', '37704988', '37549256', '37428915', '37085529', '37045866', '37009496', '36976765', '36671401', '36656895', '36455055', '36074773']","Animals; Aedes; Oviposition; Female; Mosquito Vectors; Vision, Ocular; Animals; Anopheles; RNA, Guide, CRISPR-Cas Systems; CRISPR-Cas Systems; Gene Drive Technology; Mosquito Vectors; Female; Male; Genetic Introgression; Mosquito Control; Mosquito Vectors; Malaria; Animals; Anopheles; Gene Drive Technology; Adaptive Clinical Trials as Topic; Animals; Aedes; MicroRNAs; Oviposition; Circadian Rhythm; Female; Mosquito Vectors; Animals; DNA Transposable Elements; Culicidae; Gene Transfer Techniques; Mosquito Vectors; DNA Transposable Elements; Animals; Culicidae; Animals, Genetically Modified; Gene Transfer Techniques; Mosquito Vectors; Mutagenesis, Insertional; Animals; Aedes; Dengue Virus; Insecticides; Mosquito Vectors; Zika Virus; Zika Virus Infection; Genetic Engineering; Animals, Genetically Modified; Animals; Bombyx; Pigments, Biological; Betalains; Gene Expression; Gene Expression Regulation, Enzymologic; Color; Animals; Male; Humans; Anopheles; Mosquito Vectors; Malaria; Plasmodium falciparum; Sporozoites; Malaria, Falciparum; Animals; Female; Humans; Male; Culicidae; Drosophila; Family; Filariasis; Mosquito Vectors; Sex Differentiation; Animals; Humans; Dengue Virus; Dengue; Aedes; Cell Death; Transgenes; Peptide Hydrolases; Animals; Mice; Rabbits; Humans; Tubulin; Plasmodium falciparum; Mosquito Vectors; Malaria; Malaria, Falciparum; Plasmodium; Anopheles; Male; Female; Humans; Schizophrenia; Case-Control Studies; Brain; Cerebral Cortex; Magnetic Resonance Imaging; Functional Laterality; Animals; Genetic Engineering; Mosquito Control; Vector Borne Diseases; Gene Transfer Techniques; Promoter Regions, Genetic; Animals; Humans; Aedes; Hedgehog Proteins; Mosquito Vectors; RNA; Transcriptional Activation; CRISPR-Cas Systems; Animals; Male; Culex; Aedes; Mosquito Vectors; Reproduction; Aedes; Animals; Culex; Disease Vectors; Humans; Mosquito Vectors"
"Kawas, Claudia",prof,research,"Kawas, Claudia[Author] AND Irvine[Affiliation] OR Kawas, C[Author] AND Irvine[Affiliation]","['40340138', '40293530', '39807681', '39777966', '39666918', '39535349', '39504937', '39352226', '39254234', '39159436', '39055052', '39008782', '38896163', '38626853', '38602280', '38175995', '37742640', '37540023', '37522210', '37398389']","Humans; Male; Female; Aged; Frontotemporal Lobar Degeneration; TDP-43 Proteinopathies; Diagnosis, Differential; Aged, 80 and over; DNA-Binding Proteins; Middle Aged; Brain; Inclusion Bodies; Dementia; Humans; TDP-43 Proteinopathies; Alzheimer Disease; Limbic System; Hippocampus; Dementia; Humans; Male; Female; Aged, 80 and over; Autopsy; Risk Factors; Cerebrovascular Disorders; Humans; Female; Alzheimer Disease; Male; Aged, 80 and over; Neurofibrillary Tangles; Retrospective Studies; Longitudinal Studies; Plaque, Amyloid; Angiotensin-Converting Enzyme Inhibitors; Adrenergic beta-Antagonists; Cataract; Brain; Medical History Taking; Apolipoproteins E; Humans; Female; Male; Aged, 80 and over; Positron-Emission Tomography; Case-Control Studies; Magnetic Resonance Imaging; Amyloidosis; Cognitive Dysfunction; Cerebrovascular Circulation; Brain; Ethylene Glycols; Humans; Aged, 80 and over; Male; Female; Cognition; Longitudinal Studies; Hand Strength; Brain; Walking Speed; Cognitive Dysfunction; Neuropsychological Tests; Physical Functional Performance; Aging; Humans; Female; Male; Aged; Alzheimer Disease; Aged, 80 and over; Hippocampus; Lewy Bodies; DNA-Binding Proteins; Atrophy; TDP-43 Proteinopathies; Disease Progression; Dementia; Humans; Female; Male; Educational Status; Aged, 80 and over; Longitudinal Studies; Cognition; Executive Function; Neuropsychological Tests; Sex Factors; Humans; Male; Female; Aged, 80 and over; Walking Speed; Reference Values; Ethnicity; Geriatric Assessment; Cohort Studies; Racial Groups; Self-Help Devices; Humans; Female; Male; White Matter; Hippocampus; Aged, 80 and over; Longitudinal Studies; Magnetic Resonance Imaging; Cognitive Dysfunction; Positron-Emission Tomography; Cognition; Cohort Studies; Organ Size; Ethylene Glycols; Aniline Compounds; Amyloid beta-Peptides; Amyloid; Humans; Female; Aged; Male; Alzheimer Disease; DNA-Binding Proteins; TDP-43 Proteinopathies; Aged, 80 and over; Databases, Factual; Frontotemporal Lobar Degeneration; Brain; Amyotrophic Lateral Sclerosis; Hippocampus; Middle Aged; Alzheimer Disease; Extracellular Vesicles; Cell Separation; Cerebral Cortex; Humans; Cryopreservation; Autopsy; RNA-Seq; Neuroglia; Neurons; Humans; Aged, 80 and over; Female; Male; Sleep; Brain; Aged; Autopsy; Self Report; Amyloid beta-Peptides; Aging; Sleep Duration; Nervous System Diseases; Aged, 80 and over; TDP-43 Proteinopathies; Centenarians; Dementia; Brain; Alzheimer Disease; Nonagenarians; Humans; TDP-43 Proteinopathies; Alzheimer Disease; Aged, 80 and over; Syncope; Dementia; Aged; Lewy Body Disease; Tauopathies; Humans; DNA-Binding Proteins; Male; Humans; Female; Aged; Aged, 80 and over; Self Report; Sleep; Risk Factors; Sleep Duration; Dementia; Humans; Alzheimer Disease; Brain; Cognitive Dysfunction; Lewy Body Disease; DNA-Binding Proteins"
"Kim, Seungsoo",asst prof,research,"Kim, Seungsoo[Author] AND Irvine[Affiliation] OR Kim, S[Author] AND Irvine[Affiliation] OR 0000-0002-5559-5289[Author - Identifier]","['40480970', '40475372', '40470836', '40466634', '40461469', '40442306', '40317868', '40187255', '40180953', '40175382', '40172501', '40167411', '40128256', '40113637', '40100100', '40097783', '40070010', '40059853', '40014725', '39964977']","Machine Learning; California; Water Pollutants, Chemical; Environmental Monitoring; Wastewater; Fluorocarbons; Waste Disposal, Fluid; Humans; Blepharoptosis; Ophthalmology; United States; Academies and Institutes; Ophthalmic Solutions; Phenylephrine; Humans; Adult; Oncologists; Female; Adolescent; Neoplasms; Young Adult; Male; Qualitative Research; Fertility Preservation; Physician-Patient Relations; United States; California; Cancer Care Facilities; Interviews as Topic; Attitude of Health Personnel; Fertility; National Cancer Institute (U.S.); Humans; Female; Antibodies, Monoclonal, Humanized; Trastuzumab; Receptor, ErbB-2; Stomach Neoplasms; Antineoplastic Combined Chemotherapy Protocols; Middle Aged; Aged; Fluorouracil; Male; Adult; Platinum; Biomarkers, Tumor; B7-H1 Antigen; Animals; Animals, Domestic; Genotype; Humans; Transcriptome; Genomics; Phenotype"
"Kong, Mei",prof,research,"Kong, Mei[Author] AND Irvine[Affiliation] OR Kong, M[Author] AND Irvine[Affiliation]","['39937480', '39546568', '38095719', '37761958', '37682999', '37149550', '36914647', '36821510', '36091163']","Humans; Female; Male; Qualitative Research; Middle Aged; Communication Barriers; Language; Aged; California; Adult; Patient Preference; Videoconferencing; RNA, Long Noncoding; Female; Humans; Ovarian Neoplasms; Neoplastic Stem Cells; Cell Plasticity; Cell Line, Tumor; Gene Expression Regulation, Neoplastic; Humans; RNA, Long Noncoding; Sex Characteristics; Neoplasms; Female; Male; Epigenesis, Genetic; Animals; Gene Expression Regulation, Neoplastic; Sex Chromosomes; Animals; Mice; Cachexia; Colonic Neoplasms; Disease Models, Animal; Glutamine; Histone Code; Histone Methyltransferases; Histones; Ketoglutaric Acids; Tumor Microenvironment; Humans; Cell Line, Tumor; TWEAK Receptor; Humans; Vitamin B 6; Proteolysis; Peptide Hydrolases; Micronutrients; Vitamins; Humans; Peritoneal Neoplasms; Adenocarcinoma, Mucinous; Appendiceal Neoplasms; Pseudomyxoma Peritonei; Adenocarcinoma; Metabolic Networks and Pathways; Animals; Male; Mice; AMP-Activated Protein Kinases; Diet, High-Fat; Homeostasis; Mice, Inbred C57BL; Mice, Knockout; Phosphoprotein Phosphatases; Humans; Immunoglobulin G4-Related Disease; Autoimmune Diseases; Positron Emission Tomography Computed Tomography; Immunoglobulin G; Pancreas"
"Konieczny, Piotr",asst prof,research,"Konieczny, Piotr[Author] AND Irvine[Affiliation] OR Konieczny, P[Author] AND Irvine[Affiliation]",[],
"Kvon, Evgeny",asst prof,research,"Kvon, Evgeny[Author] AND Irvine[Affiliation] OR Kvon, E[Author] AND Irvine[Affiliation]","['40461788', '40205063', '39829783', '39762235', '39579740', '39143221', '38826394', '38658750', '38509385', '38105996', '36201590']","Humans; Transcription Factors; DNA; Nucleotide Motifs; Protein Binding; Genetic Code; Binding Sites; SELEX Aptamer Technique; Gene Expression Regulation; Animals; Enhancer Elements, Genetic; Mice; Humans; Otx Transcription Factors; MicroRNAs; Single-Cell Analysis; Autism Spectrum Disorder; Craniofacial Abnormalities; Genes, Reporter; Female; CRISPR-Cas Systems; Genetic Variation; Brain; Male; Alleles; Enhancer Elements, Genetic; Animals; Promoter Regions, Genetic; Humans; Mammals; Gene Expression Regulation, Developmental; Transcription Factors; Cohesins; CCCTC-Binding Factor; Chromatin; Chromosomal Proteins, Non-Histone; Cell Cycle Proteins; Animals; Humans; Africa; Animal Fins; Australia; DNA Transposable Elements; DNA, Intergenic; Enhancer Elements, Genetic; Evolution, Molecular; Extinction, Biological; Fishes; Gene Rearrangement; Genome; Genome Size; Hedgehog Proteins; Introns; Karyotype; Phylogeny; Piwi-Interacting RNA; South America; Time Factors; Zinc Fingers; Animals; Female; Male; Mice; Epigenomics; Evolution, Molecular; Gene Expression Profiling; Gene Expression Regulation, Developmental; Genome; Genomics; Homeodomain Proteins; Locomotion; Marsupialia; Phylogeny; Regulatory Sequences, Nucleic Acid; Transcription Factors; Phenotype; Humans; Animals; Mice; Enhancer Elements, Genetic; Promoter Regions, Genetic; Transcriptional Activation; Mammals; Chromatin; Animals; Brain Neoplasms; Chromosomes, Human, Pair 8; Glioma; Humans; Isocitrate Dehydrogenase; Mice; Mutation; Polymorphism, Single Nucleotide"
"LaFerla, Frank",prof,research,"LaFerla, Frank[Author] AND Irvine[Affiliation] OR LaFerla, F[Author] AND Irvine[Affiliation]","['40475700', '40364523', '40214496', '39844286', '39633006', '38906984', '38895362', '38575959', '38572865', '38523285', '38506634', '38460121', '38426371', '37961253', '37047718', '36803190', '36271704', '35140584']","CRISPR-Cas Systems; Humans; Endoribonucleases; Gene Expression Regulation; CRISPR-Associated Proteins; HEK293 Cells; Gene Editing; Animals; Microglia; Mice; Alzheimer Disease; Plaque, Amyloid; tau Proteins; Mice, Transgenic; Disease Models, Animal; Tauopathies; Brain; Apolipoproteins E; Humans; Humans; Alzheimer Disease; Genome-Wide Association Study; Female; Chromosomes, Human, X; Male; Genetic Predisposition to Disease; Polymorphism, Single Nucleotide; Aged; X Chromosome Inactivation; Aged, 80 and over; Case-Control Studies; Animals; Female; Humans; Male; Mice; Alzheimer Disease; Amyloid beta-Peptides; Astrocytes; Brain; Disease Models, Animal; Glial Fibrillary Acidic Protein; NF-kappa B; Signal Transduction; Aged; Animals; Humans; Mice; Alzheimer Disease; Amyloid beta-Peptides; Amyloid beta-Protein Precursor; Cathepsin D; Disease Models, Animal; Mice, Knockout; Mice, Transgenic; tau Proteins; Tauopathies; Animals; Female; Humans; Male; Mice; Alzheimer Disease; Amyloid beta-Peptides; Disease Models, Animal; Gastrointestinal Microbiome; Gene Knock-In Techniques; Genotype; Metabolomics; Mice, Transgenic; Microbiota; Sex Characteristics; Animals; Mice; ATP-Binding Cassette Transporters; Plaque, Amyloid; Amyloid beta-Peptides; Alzheimer Disease; Mice, Transgenic; Neurons; Disease Models, Animal; Humans; Brain; Microglia; Phagocytosis; Amyloid beta-Protein Precursor; Animals; Mice; Alzheimer Disease; Amyloid beta-Peptides; Disease Models, Animal; Mice, Transgenic; Neuroglia; Plaque, Amyloid; Humans; Mice; Humans; Female; Animals; Alzheimer Disease; Plaque, Amyloid; Resilience, Psychological; Mice, Inbred C57BL; Microglia; Genetic Variation; Disease Models, Animal; Mice, Transgenic; Amyloid beta-Peptides; Animals; Mice; Cathepsin D; Down-Regulation; Fibroblasts; Tetracycline; Doxycycline; Response Elements; Mice; Animals; Alzheimer Disease; Cuprizone; RNA Splicing; Mutation; Plaque, Amyloid; Disease Models, Animal; Demyelinating Diseases; Microglia; Brain; Membrane Glycoproteins; Receptors, Immunologic; Humans; Animals; Mice; Amyloid beta-Peptides; Astrocytes; Myeloid Differentiation Factor 88; Proteomics; Alzheimer Disease"
"Lamb, Joleah",asst prof,research,"Lamb, Joleah[Author] AND Irvine[Affiliation] OR Lamb, J[Author] AND Irvine[Affiliation]","['39964725', '39754287', '39680762', '38912782', '36746662']",Ecosystem; Aquaculture; Seaweed; Indonesia; Biodiversity; Conservation of Natural Resources; Macrocystis; Kelp; Conservation of Natural Resources; Humans; Ecosystem; Refugees
"Lander, Arthur",prof,research,"Lander, Arthur[Author] AND Irvine[Affiliation] OR Lander, A[Author] AND Irvine[Affiliation]","['40251197', '39989423', '39508736', '39463971', '39294560', '39048795', '38906093', '38507484', '38328163', '37380661', '37214859', '37115622', '37080161', '36993765', '36449618', '35614082', '35132245']","Animals; Epithelial Cells; Cell Competition; Drosophila melanogaster; Signal Transduction; Drosophila Proteins; Immunity, Innate; Neoplasms; Animals; Cell Proliferation; Mice; Face; Morphogenesis; Imaging, Three-Dimensional; Machine Learning; Embryo, Mammalian; Animals; Wings, Animal; Hedgehog Proteins; Drosophila Proteins; Body Patterning; Signal Transduction; Gene Expression Regulation, Developmental; Drosophila; Drosophila melanogaster; Models, Theoretical; Single-Cell Analysis; Humans; Sequence Analysis, RNA; Transcriptome; Algorithms; Gene Expression Profiling; Gene Regulatory Networks; Cohesins; Cell Cycle Proteins; Chromosomal Proteins, Non-Histone; Chromatin; Gene Expression Regulation; Promoter Regions, Genetic; Single-Cell Analysis; Saccharomyces cerevisiae; Transcriptome; Animals; Humans; Body Patterning; Embryonic Development; Homeostasis; Organoids; Aging; Animals; Mice; Cell Cycle Proteins; De Lange Syndrome; Gastrulation; Gene Expression; Mutation; Phenotype; Mice; Animals; Tyrosine Kinase Inhibitors; Protein Kinase Inhibitors; Drug Resistance, Neoplasm; Myelopoiesis; Fusion Proteins, bcr-abl; Mice, Transgenic; Leukemia, Myelogenous, Chronic, BCR-ABL Positive; Humans; Mass Behavior; Neoplasms; Communication; Humans; Female; Pregnancy; Animals; Mice; Transcriptome; Brain; Phenotype; Mutation; Heterozygote; Mammals; Cell Cycle Proteins; Proteins; Animals; Brain; Databases, Factual; Mice; X-Ray Microtomography; Animals; Animals, Genetically Modified; CHO Cells; Cricetulus; Green Fluorescent Proteins; HEK293 Cells; Humans; Metronidazole; Nitroreductases; Prodrugs; Protein Engineering; Recombinant Proteins; Retina; Vibrio; Zebrafish"
"Lane, Thomas",prof,research,"Lane, Thomas[Author] AND Irvine[Affiliation] OR Lane, T[Author] AND Irvine[Affiliation]","['40466634', '40445428', '40299553', '39988890', '38879499', '38714735', '38500398', '38099152', '37850241', '37352687', '37083696', '36248905', '35961320', '35025109']","Humans; Down Syndrome; COVID-19; Female; Male; SARS-CoV-2; Cerebral Cortex; Aneuploidy; Cells, Cultured; Serine Endopeptidases; Animals; Microglia; Integrases; Mice; Mice, Transgenic; Alzheimer Disease; Disease Models, Animal; Brain; Mice, Inbred C57BL; Plaque, Amyloid; Male; Female; Animals; Mice; Demyelinating Diseases; Murine hepatitis virus; Cystatins; Mice, Knockout; Coronavirus Infections; Mice, Inbred C57BL; Neuroinflammatory Diseases; Oxidation-Reduction; Disulfides; SARS-CoV-2; Coronavirus 3C Proteases; Cysteine; Crystallography, X-Ray; Catalytic Domain; Humans; Models, Molecular; Protein Multimerization; COVID-19; Animals; Muscle, Skeletal; Male; Adiposity; Mice; Mice, Inbred C57BL; Aging; Secretome; Stem Cells; Humans; COVID-19; Alzheimer Disease; Brain; SARS-CoV-2; Risk Factors; Pandemics; Mice; Animals; Microglia; Murine hepatitis virus; Remyelination; Neuroinflammatory Diseases; White Matter; Demyelinating Diseases; Coronavirus Infections; Mice, Inbred C57BL; Humans; Mice; Animals; T-Lymphocytes, Regulatory; CD4-Positive T-Lymphocytes; Multiple Sclerosis; Lymphocyte Activation; Neural Stem Cells; Forkhead Transcription Factors; CD4 Antigens; Animals; Central Nervous System; Chemokine CXCL1; Demyelinating Diseases; Humans; Matrix Metalloproteinase 9; Mice; Mice, Transgenic; Multiple Sclerosis; Murine hepatitis virus; Neutrophils; RNA, Messenger; Tetracyclines; White Matter; Activin Receptors; Animals; Central Nervous System; Encephalomyelitis, Autoimmune, Experimental; Mice; Mice, Inbred C57BL; Monomeric GTP-Binding Proteins; Multiple Sclerosis; Neuroinflammatory Diseases; Receptor Protein-Tyrosine Kinases; Signal Transduction; Animals; Bone Marrow Transplantation; Brain; Coronavirus Infections; Macrophages; Mice; Mice, Inbred C57BL; Microglia"
"Lara-Gonzalez, Pablo",asst prof,research,"Lara-Gonzalez, Pablo[Author] AND Irvine[Affiliation] OR Lara-Gonzalez, P[Author] AND Irvine[Affiliation]","['39554051', '39105756', '38578284', '38370671', '37609212', '37137308', '36669109']","Animals; Caenorhabditis elegans; Caenorhabditis elegans Proteins; CDC2 Protein Kinase; Cdc20 Proteins; Cyclin B; Cyclin B1; Cyclin B2; Embryo, Nonmammalian; Mitosis; Phosphorylation; Animals; Caenorhabditis elegans; Caenorhabditis elegans Proteins; Cell Cycle Checkpoints; Cell Cycle Proteins; Kinetochores; Microtubule-Associated Proteins; Spindle Apparatus; Tetratricopeptide Repeat; Protein Serine-Threonine Kinases; Animals; Anaphase-Promoting Complex-Cyclosome; Caenorhabditis elegans; Cdc20 Proteins; Cell Cycle Proteins; Centers for Disease Control and Prevention, U.S.; Kinetochores; Mitosis; Spindle Apparatus; United States; Animals; Humans; Mice; Ependymoglial Cells; Mice, Knockout; Neocortex"
"Lee, Grace",asst prof,research,"Lee, Grace[Author] AND Irvine[Affiliation] OR Lee, G[Author] AND Irvine[Affiliation]","['40454301', '40436017', '40315855', '40301993', '40267913', '40194539', '39875819', '39843629', '39762660', '39678326', '39642225', '39571580', '39540935', '39424777', '39421451', '39027368', '38959339', '38848689', '38745885', '38713722']","Humans; Male; Middle Aged; Female; Osteoporosis; Fabry Disease; Absorptiometry, Photon; Bone Diseases, Metabolic; Bone Density; Adult; Aged; Femur Neck; Animals; Fructose; Male; Mice; Female; Fatty Liver; Mice, Inbred C57BL; Liver; Biomarkers; Lipogenesis; Non-alcoholic Fatty Liver Disease; Humans; Orbital Implants; Ophthalmologic Surgical Procedures; Neoplasms; Eye Neoplasms; Animals; Fatty Acid-Binding Proteins; COVID-19; SARS-CoV-2; Humans; Virus Replication; Cricetinae; Lung; Adipocytes; COVID-19 Drug Treatment; Mice; Huntington Disease; Animals; Humans; DNA-Binding Proteins; Mice; Huntingtin Protein; Methyltransferases; Alternative Splicing; Mice, Transgenic; RNA Splicing; Brain; Adenosine; Male; RNA Methylation; Caenorhabditis elegans; Mechanistic Target of Rapamycin Complex 1; Animals; Caenorhabditis elegans Proteins; RNA, Messenger; RNA Splicing; TOR Serine-Threonine Kinases; Multiprotein Complexes; Humans; Nutrients; Longevity; Signal Transduction; Alternative Splicing; Ribosomal Protein S6 Kinases, 70-kDa; Receptor-Interacting Protein Serine-Threonine Kinases; Humans; Nuclear Proteins; Repressor Proteins; Ubiquitination; Phosphorylation; Lipopolysaccharides; Colonic Neoplasms; Necroptosis; HEK293 Cells; Cell Line, Tumor; Cell Death; Protein Stability; Protein Binding; Serine; Cadherins; Female; Humans; Breast Neoplasms; Animals; Mice; Disease Progression; Cell Proliferation; Cell Line, Tumor; Epithelial-Mesenchymal Transition; Phosphoglycerate Dehydrogenase; Neoplasm Metastasis; Antigens, CD; Cell Movement; Oxidative Stress; Mice, Nude; Mechanistic Target of Rapamycin Complex 1; Humans; Signal Transduction; Proteasome Endopeptidase Complex; Ubiquitin-Protein Ligases; Proteolysis; TOR Serine-Threonine Kinases; Multiprotein Complexes; Animals; Mevalonic Acid; Ubiquitin; Animals; Gastrointestinal Microbiome; Bile Acids and Salts; Dysbiosis; Mice; Transcriptome; Anti-Bacterial Agents; Adenosine; Disease Models, Animal; Mice, Inbred C57BL; Male"
"Lodoen, Melissa",prof,research,"Lodoen, Melissa[Author] AND Irvine[Affiliation] OR Lodoen, M[Author] AND Irvine[Affiliation]","['39814722', '39780244', '39255396', '38372637', '38206985', '37770433', '37633758', '36791673', '36445695']","Toxoplasma; Animals; Humans; Virulence Factors; Protozoan Proteins; Mice; Female; Macrophages; Toxoplasmosis; THP-1 Cells; Cell Death; Receptor-Interacting Protein Serine-Threonine Kinases; Virulence; NF-kappa B; Necroptosis; Interleukin-1beta; Mice, Inbred C57BL; Host-Parasite Interactions; Transcription Factor RelA; Animals; Mice; Blood-Brain Barrier; Cerebrovascular Circulation; Toxoplasma; Mice, Inbred C57BL; Blood Coagulation; Endothelial Cells; Toxoplasmosis; Female; Disease Models, Animal; Intercellular Adhesion Molecule-1; Animals; Alzheimer Disease; Mice; Brain; Disease Models, Animal; Mice, Transgenic; Toxoplasma; Amyloid beta-Peptides; Plaque, Amyloid; Toxoplasmosis; Female; Humans; Caspase 1; Caspase 8; Gasdermins; Inflammasomes; Interleukin-1beta; Monocytes; NLR Family, Pyrin Domain-Containing 3 Protein; Toxoplasma; Toxoplasmosis; Animals; Humans; Mice; Astrocytes; Brain; Chemokine CCL2; Mice, Inbred C57BL; Mice, Knockout; Toxoplasma; Toxoplasmosis; Female; Animals; Mice; Toxoplasma; Gene Regulatory Networks; Neoplasm Recurrence, Local; Brain; Protozoan Proteins; Humans; Monocytes; Toxoplasma; Cytokines; Toxoplasmosis; Humans; Toxoplasma; Capparis; Caspases; Signal Transduction; Inflammation; Protozoan Proteins; Mice; Animals; Toxoplasma; CD8-Positive T-Lymphocytes; Brain; Central Nervous System; Monocytes"
"Long, Anthony",prof,research,"Long, Anthony[Author] AND Irvine[Affiliation] OR Long, A[Author] AND Irvine[Affiliation]","['40457395', '37624016', '37146087', '36366952', '36250804', '35143664', '35100395']","Animals; Seasons; DNA Methylation; Female; Peromyscus; Male; Photoperiod; Reproduction; Breeding; CpG Islands; Male; Animals; Female; Chromatin; Drosophila melanogaster; Chromatin Immunoprecipitation Sequencing; Genotype; Genetic Variation; High-Throughput Nucleotide Sequencing; Saccharomyces cerevisiae; Adaptation, Biological; Haplotypes; Genetics, Population; Reproduction, Asexual; Genome, Fungal; Multifactorial Inheritance; Animals; Drosophila melanogaster; Quantitative Trait Loci; Malathion; Genome-Wide Association Study; Insecticides; Insecticide Resistance; Animals; Breeding; Deer; Genome-Wide Association Study; Humans; Multifactorial Inheritance; Peromyscus; Phenotype; Polymorphism, Single Nucleotide; Animals; Chromosome Mapping; Drosophila; Drosophila melanogaster; Phenotype; Quantitative Trait Loci"
"Luo, Ray",prof,research,"Luo, Ray[Author] AND Irvine[Affiliation] OR Luo, R[Author] AND Irvine[Affiliation]","['40459213', '40413581', '40194962', '40158646', '40108759', '39865620', '39772516', '39572544', '39138383', '38892388', '38885779', '38615193', '38512104', '38502776', '38394331', '38236703', '37967076', '37805934', '37782231', '37676646']","Static Electricity; Solvents; Dimerization; Normal Distribution; Solutions; Humans; Protein Serine-Threonine Kinases; Hippo Signaling Pathway; Neoplasms; Signal Transduction; Mutation, Missense; Neurofibromin 2; Loss of Function Mutation; Cell Line, Tumor; Animals; Head and Neck Neoplasms; Mutation; Mice; Adaptor Proteins, Signal Transducing; Oxidation-Reduction; NADP; Escherichia coli; NAD; Nicotinamide Mononucleotide; Oxidoreductases; Glucose 1-Dehydrogenase; Models, Molecular; Biocatalysis; Humans; Allosteric Regulation; Allosteric Site; Antineoplastic Agents; Binding Sites; Molecular Dynamics Simulation; Mutation; Neoplasms; Protein Binding; Protein Tyrosine Phosphatase, Non-Receptor Type 11; Animals; Peptides; RNA, Messenger; mRNA Vaccines; Green Fluorescent Proteins; Viral Vaccines; Mice; Female; Cats; Drug Delivery Systems; Intrinsically Disordered Proteins; Protein Conformation; Models, Molecular; Polymers; Adenosine Triphosphate; Phase Separation; Artificial Cells; Bioreactors; Entropy; Amino Acids; Static Electricity; Proteins; Models, Molecular; Peptides; Amines; Hydrogels; Dendritic Cells; Immunity, Cellular; Peptides; T-Lymphocytes; Humans; Gas Chromatography-Mass Spectrometry; Carcinoma, Hepatocellular; Lung Neoplasms; Volatile Organic Compounds; Liver Neoplasms; Early Detection of Cancer; Biomarkers; Liver Cirrhosis"
"Lur, Gyorgy",assoc prof,research,"Lur, Gyorgy[Author] AND Irvine[Affiliation] OR Lur, G[Author] AND Irvine[Affiliation]","['39100726', '37821229', '37356230', '37293628', '37286343', '36374738', '36087582', '35027407']","Male; Adolescent; Female; Humans; Nicotine; Nicotinic Agonists; Habenula; Electronic Nicotine Delivery Systems; Synaptic Transmission; Cholinergic Neurons; Receptors, Purinergic P2; Adenosine Triphosphate; Animals; Mice; Software; Neurosciences; Reward; Rats; Animals; Calcium; Magnetic Fields; Nanoparticles; Neurons; Feedback; Pyramidal Cells; Action Potentials; Synapses; Parietal Lobe; Animals; Brain; Cognition; Humans; Mice; Movement; Neurons; Psychomotor Performance; Wakefulness"
"Lutterschmidt, Deborah",prof,research,"Lutterschmidt, Deborah[Author] AND Irvine[Affiliation] OR Lutterschmidt, D[Author] AND Irvine[Affiliation]",['36805608'],Brain; Seasons; Animals
"MacGregor, Grant",prof,research,"MacGregor, Grant[Author] AND Irvine[Affiliation] OR MacGregor, G[Author] AND Irvine[Affiliation]","['39988890', '39844286', '39752523', '39103533', '39071335', '38895362', '38879499', '38572865', '38506634', '38460121', '38426371', '38106071', '37891673', '36803190', '35140584']","Animals; Microglia; Integrases; Mice; Mice, Transgenic; Alzheimer Disease; Disease Models, Animal; Brain; Mice, Inbred C57BL; Plaque, Amyloid; Male; Female; Animals; Microglia; Mice; Alzheimer Disease; Plaque, Amyloid; tau Proteins; Mice, Transgenic; Disease Models, Animal; Tauopathies; Brain; Apolipoproteins E; Humans; Animals; Mice; Reactive Oxygen Species; T-Lymphocytes, Regulatory; DNA, Mitochondrial; Mice, Inbred C57BL; Oxidative Phosphorylation; Mitochondria; Signal Transduction; Disease Progression; Heart Transplantation; Animals; Alzheimer Disease; Receptors, Immunologic; Mice; Membrane Glycoproteins; Mice, Transgenic; Neurons; Transcriptome; Microglia; Brain; Disease Models, Animal; Plaque, Amyloid; Mutation; Astrocytes; Single-Cell Analysis; Humans; Mutation, Missense; Receptor, trkB; Brain-Derived Neurotrophic Factor; Gene Expression Profiling; Male; Animals; Mice; Demyelinating Diseases; Murine hepatitis virus; Cystatins; Mice, Knockout; Coronavirus Infections; Mice, Inbred C57BL; Neuroinflammatory Diseases; Animals; Female; Humans; Male; Mice; Alzheimer Disease; Amyloid beta-Peptides; Disease Models, Animal; Gastrointestinal Microbiome; Gene Knock-In Techniques; Genotype; Metabolomics; Mice, Transgenic; Microbiota; Sex Characteristics; Animals; Mice; ATP-Binding Cassette Transporters; Plaque, Amyloid; Amyloid beta-Peptides; Alzheimer Disease; Mice, Transgenic; Neurons; Disease Models, Animal; Humans; Brain; Microglia; Phagocytosis; Amyloid beta-Protein Precursor; Animals; Mice; Alzheimer Disease; Amyloid beta-Peptides; Disease Models, Animal; Mice, Transgenic; Neuroglia; Plaque, Amyloid; Humans; Mice; Humans; Female; Animals; Alzheimer Disease; Plaque, Amyloid; Resilience, Psychological; Mice, Inbred C57BL; Microglia; Genetic Variation; Disease Models, Animal; Mice, Transgenic; Amyloid beta-Peptides; Animals; Mice; Adenosine Triphosphate; Diabetes Mellitus; Diabetic Cardiomyopathies; Energy Metabolism; Insulin; Mice, Transgenic; Mitochondria, Heart; Myocardium; Phosphatidylinositol 3-Kinases; Proto-Oncogene Proteins c-akt; Mice; Animals; Alzheimer Disease; Cuprizone; RNA Splicing; Mutation; Plaque, Amyloid; Disease Models, Animal; Demyelinating Diseases; Microglia; Brain; Membrane Glycoproteins; Receptors, Immunologic"
"Mahler, Stephen",prof,research,"Mahler, Stephen[Author] AND Irvine[Affiliation] OR Mahler, S[Author] AND Irvine[Affiliation]","['40199197', '40127192', '39658631', '39190156', '38826339', '37530882', '37034819', '36933028', '36912754', '36841826', '36481259', '36367975', '36156918', '35705547', '35353551', '35156184']","Microglia; Humans; Substance-Related Disorders; Animals; Adolescent; Brain; Adolescent Development; Neuronal Plasticity; Animals; Dronabinol; Morphine; Male; Ventral Tegmental Area; Brain; Analgesics, Opioid; Neural Pathways; Animals; Male; Dronabinol; Prefrontal Cortex; Rats, Long-Evans; Cognition; Female; Dopamine; Rats; Reward; Ventral Tegmental Area; Dopaminergic Neurons; Amphetamine; Conditioning, Operant; Dose-Response Relationship, Drug; Rats; Male; Female; Animals; Ventral Tegmental Area; Dopaminergic Neurons; Clozapine; Designer Drugs; Rats; Male; Animals; Dronabinol; Endocannabinoids; Learning; Reward; Motivation; Mice; Female; Animals; Endocannabinoids; Dronabinol; Ovarian Reserve; Mice, Inbred C57BL; Ovarian Follicle; Mice; Male; Animals; Corticotropin-Releasing Hormone; Reward; Nucleus Accumbens; Basolateral Nuclear Complex; gamma-Aminobutyric Acid; Adolescent; Humans; Rats; Male; Female; Animals; Dronabinol; Rats, Sprague-Dawley; Cannabis; Mass Spectrometry; Aerosols; Female; Male; Animals; Mice; Dronabinol; Endocannabinoids; Tandem Mass Spectrometry; Cannabidiol; Chromatography, High Pressure Liquid; Brain; Arachidonic Acids; Polyunsaturated Alkamides; Adverse Childhood Experiences; Analgesics, Opioid; Anhedonia; Animals; Female; Humans; Male; Rats; Rats, Sprague-Dawley; Reward; Female; Male; Animals; Rats; Dronabinol; Microsomes; Anhedonia; Humans; Motivation; Reward"
"Martinez, Christopher",asst prof,research,"Martinez, Christopher[Author] AND Irvine[Affiliation] OR Martinez, C[Author] AND Irvine[Affiliation]","['39906576', '39735368', '39430647', '38964850', '36252009', '35881791', '34989395']","Animals; Biomechanical Phenomena; Feeding Behavior; Jaw; Predatory Behavior; Perciformes; Mandible; Animals; Carbon; Ecosystem; Fishes; Phylogeny; Water; Animals; Biological Evolution; Coral Reefs; Extinction, Biological; Feeding Behavior; Fishes; Male; Somatotypes; Animals; Biomechanical Phenomena; Feeding Behavior; Fishes; Jaw; Mandible; Predatory Behavior"
"Martiny, Adam",prof,research,"Martiny, Adam[Author] AND Irvine[Affiliation] OR Martiny, A[Author] AND Irvine[Affiliation]","['40280934', '40084855', '39903118', '38899067', '38740930', '38661581', '38526088', '38513256', '38498438', '37798477', '37454234', '36965002', '36407846', '36369310', '36273241', '35014872']","Microbiota; Biodiversity; Climate Change; Seawater; Seasons; Ecosystem; California; El Nino-Southern Oscillation; Biomass; Oceans and Seas; Prochlorococcus; Carbon; Bacteria; Phosphates; Nitrates; Oceans and Seas; Phytoplankton; Seawater; Food Chain; Nitrogen Fixation; Metagenomics; Bacteria; Metagenome; Microbiota; Uncertainty; Escherichia coli; Anti-Bacterial Agents; Drug Resistance, Bacterial; Microbial Sensitivity Tests; Humans; Genetic Variation; Escherichia coli Infections; Metagenomics; Drug Resistance, Multiple, Bacterial; Climate Change; Earth, Planet; Models, Theoretical; Bacteria; Biodiversity; Humans; Ecosystem; Ecosystem; Synechococcus; Proteome; Bayes Theorem; Temperature; Nitrogen; Synechococcus; Temperature; Phytoplankton; Nutrients; Carbon; Nitrogen; Life History Traits; Soil; Soil Microbiology; Ecosystem; Bacteria; Phylogeography; Phylogeny; Prochlorococcus; Seawater; Ecotype; Ecotype; Prochlorococcus; Seawater; Indian Ocean; Metagenome; Microbiota"
"Martiny, Jennifer",prof,research,"Martiny, Jennifer[Author] AND Irvine[Affiliation] OR Martiny, J[Author] AND Irvine[Affiliation]","['39692482', '39495619', '38742890', '38740930', '38584646', '38526088', '38506671', '37798477', '37747204', '37674721', '37664956', '37268699', '36965002', '36731905', '36690342', '36629415', '36308707', '35778440']","Soil Microbiology; Microbiota; Climate Change; Carbon Sequestration; Soil; Carbon; Greenhouse Gases; Ecosystem; Droughts; Soil Microbiology; Bacteria; Ecosystem; Plant Leaves; Metagenome; Stress, Physiological; Soil; Drought Resistance; Dietary Fiber; Humans; Gastrointestinal Microbiome; RNA, Ribosomal, 16S; Feces; Bacteria; Phylogeny; Metagenomics; Bacteria; Metagenome; Microbiota; Uncertainty; Climate Change; Earth, Planet; Models, Theoretical; Bacteria; Biodiversity; Humans; Ecosystem; Soil Microbiology; Microbiota; Soil; Bacteria; Plant Leaves; Life History Traits; Soil; Soil Microbiology; Ecosystem; Bacteria; Wildfires; Microbiota; Mycobiome; Bacteria; Soil Microbiology; Phylogeny; Desiccation; DNA Damage; DNA Repair; Bacteria; Humans; Dietary Fiber; Gastrointestinal Microbiome; Microbiota; Reproducibility of Results; RNA, Ribosomal, 16S; Ecosystem; Nitrogen Fixation; Cyanobacteria; Desert Climate; Soil; RNA, Ribosomal, 16S; Soil Microbiology; Microbiota; Nitrogen; Humans; Ecosystem; Plasmids; Bacteria; Anti-Bacterial Agents; Gene Transfer, Horizontal; Ecosystem; Biodiversity; Bacteria; Microbiota; Plant Leaves; Soil; Soil Microbiology"
"McHenry, Matthew",prof,research,"McHenry, Matthew[Author] AND Irvine[Affiliation] OR McHenry, M[Author] AND Irvine[Affiliation]","['39963080', '39665282', '39109661', '39104305', '38738313', '38631344', '38059428', '37339652', '36757892', '36637450', '35919997']","Animals; Starfish; Biomechanical Phenomena; Phototaxis; Light; Animals; Water Movements; Animal Communication; Lateral Line System; Biomechanical Phenomena; Social Behavior; Swimming; Animals; Biomechanical Phenomena; Starfish; Models, Biological; Locomotion; Animals; Biomechanical Phenomena; Oligochaeta; Models, Biological; Scyphozoa; Skeleton; Animals; Locomotion; Robotics; Biomechanical Phenomena; Starfish; Models, Biological; Gait; Animals; Genomics; Environment; Animals; Predatory Behavior; Perciformes; Animals; Zebrafish; Larva; Predatory Behavior; Escape Reaction; Biomechanical Phenomena; Biomechanical Phenomena; Technology; Biology; Animals; Fishes; Perciformes; Predatory Behavior; Swimming"
"McNaughton, Bruce",prof,research,"McNaughton, Bruce[Author] AND Irvine[Affiliation] OR McNaughton, B[Author] AND Irvine[Affiliation]","['39676610', '39631505', '39364682', '38947919', '38942472', '38298796', '38012135', '37989581', '37577676', '37126447', '37090599', '36756366', '36645126', '36057661', '35970912', '35814496', '35759669', '35709696', '35512636']","History, 20th Century; Neurons; Animals; Hippocampus; History, 21st Century; Humans; Memory; Neurosciences; Learning; Animals; Hippocampus; Nesting Behavior; Female; Male; Mice; Mice, Inbred C57BL; Animals; Psilocybin; Hallucinogens; Neurons; Mice; Male; Mice, Inbred C57BL; Ketanserin; Serotonin 5-HT2 Receptor Antagonists; Gyrus Cinguli; Space Perception; Animals; Neocortex; Male; Hippocampus; Mice; Female; Cues; Mice, Inbred C57BL; Space Perception; Spatial Navigation; Neurons; Mice, Transgenic; Male; Mice; Animals; Hippocampus; Neurons; Memory, Episodic; Place Cells; Cues; Software; Cognition; Electrophysiological Phenomena; Electrophysiology; Spatial Navigation; Mice; Animals; Sleep, REM; Electroencephalography; Sleep; Sleep, Slow-Wave; Auditory Cortex; Mice; Animals; Neocortex; Wakefulness; Hippocampus; Sleep; Neurons; Default Mode Network; Hippocampus; Humans; Neocortex; Humans; Learning; Models, Neurological; Neocortex; Neural Networks, Computer; Systems Theory; Action Potentials; Brain; Learning; Models, Neurological; Neurons; Action Potentials; Animals; Cognition; Hippocampus; Maze Learning; Neurons; Rats; Reward"
"McNulty, Reginald",asst prof,research,"McNulty, Reginald[Author] AND Irvine[Affiliation] OR McNulty, R[Author] AND Irvine[Affiliation]","['40374417', '39770326', '39104412', '39040024', '37308785', '37253813', '36511652']","NLR Family, Pyrin Domain-Containing 3 Protein; Humans; Inflammasomes; Inflammation; Animals; COVID-19 Drug Treatment; COVID-19; Anti-Inflammatory Agents; Bacteriophage P22; Endodeoxyribonucleases; Protein Binding; Virus Assembly; Protein Subunits; DNA, Viral; Microscopy, Electron, Transmission; Mass Spectrometry; Capsid; Proteins; Nucleic Acids; Humans; RNA; Protein Binding; DNA; Humans; Clostridium acetobutylicum; DNA Glycosylases; DNA, Mitochondrial; Inflammasomes; NLR Family, Pyrin Domain-Containing 3 Protein; Signal Transduction; Cryoelectron Microscopy; Signal-To-Noise Ratio; Imaging, Three-Dimensional; Drug Discovery"
"Metherate, Raju",prof,research,"Metherate, Raju[Author] AND Irvine[Affiliation] OR Metherate, R[Author] AND Irvine[Affiliation]",['39553292'],"Animals; Auditory Cortex; Receptors, Nicotinic; Mice; Mice, Transgenic; Male; Mice, Inbred C57BL; Nicotine; Female; Acoustic Stimulation; Mice, Knockout; Interneurons; Nicotinic Agonists"
"Mooney, Kailen",prof,research,"Mooney, Kailen[Author] AND Irvine[Affiliation] OR Mooney, K[Author] AND Irvine[Affiliation]","['40198102', '39838836', '39713890', '38698677', '38393366', '37600487', '36763634', '35918208', '35869688']","Ecosystem; Biodiversity; Conservation of Natural Resources; Humans; Climate Change; Animals; Predatory Behavior; Food Chain; Birds; Moths; Wasps; Larva; Ants; Host-Parasite Interactions; Herbivory; Water; Brassicaceae; Phenotype; Adaptation, Physiological; Selection, Genetic; Biological Evolution; Droughts; Animals; Animals; Arthropods; Predatory Behavior; Birds; Biodiversity; Trees; Climate; Food Chain; Larva; Animals; Trees; Herbivory; Insecta; Birds; Predatory Behavior; Ecosystem; Animals; Arthropods; Ecosystem; Songbirds; Ants; Biomass; Lepidoptera; Ecology; Phenotype; Plants; Herbivory; Plants; Plant Leaves; Plant Development; Artemisia"
"Morehouse, Benjamin",asst prof,research,"Morehouse, Benjamin[Author] AND Irvine[Affiliation] OR Morehouse, B[Author] AND Irvine[Affiliation]","['40196609', '38679204', '38514789', '37708847', '37011504']","Humans; Animals; Nucleotides, Cyclic; Signal Transduction; Immunity, Innate; Cyclic AMP; Cyclic GMP; Neoplasms; Nucleotidyltransferases; Membrane Proteins; Prokaryotic Cells; Antiviral Agents; Animals; Bacteria; Prokaryotic Cells; Archaea; Immunity, Innate; Bacteriophages"
"Morrissette, Naomi",prof,research,"Morrissette, Naomi[Author] AND Irvine[Affiliation] OR Morrissette, N[Author] AND Irvine[Affiliation]","['38757481', '38064432', '36985278', '35008492']","Toxoplasma; Humans; Drug Resistance; Microtubules; Fibroblasts; Tubulin; Microtubules; Cytoskeleton; Mutation; Ligands; Amino Acids; Animals; Antiparasitic Agents; Apicoplasts; Cells, Cultured; Clemastine; Histamine Antagonists; Humans; Microtubules; Parasites; Protozoan Proteins; Tubulin"
"Mortazavi, Ali",prof,research,"Mortazavi, Ali[Author] AND Irvine[Affiliation] OR Mortazavi, A[Author] AND Irvine[Affiliation] OR 0000-0002-4259-6362[Author - Identifier]","['39763870', '39147742', '39071335', '38962694', '38915583', '38849569', '38777608', '38510139', '38506634', '38464087', '38460121', '38426371', '38187766', '38105142', '37662399', '37546854', '37503119', '37474948', '37399090', '37344645']","Animals; Receptor, Anaphylatoxin C5a; Alzheimer Disease; Disease Models, Animal; Mice; Female; Male; Signal Transduction; Microglia; Hippocampus; Neuroglia; Astrocytes; Mice, Transgenic; Humans; Mice, Inbred C57BL; Humans; Animals; Mice; RNA-Seq; Gene Expression Profiling; Transcriptome; Sequence Analysis, RNA; Molecular Sequence Annotation; Muscular Dystrophy, Facioscapulohumeral; Humans; Myoblasts; Single-Cell Analysis; Muscle Fibers, Skeletal; Transcriptome; Homeodomain Proteins; Cell Differentiation; In Situ Hybridization, Fluorescence; Gene Expression Profiling; Animals; Mice; ATP-Binding Cassette Transporters; Plaque, Amyloid; Amyloid beta-Peptides; Alzheimer Disease; Mice, Transgenic; Neurons; Disease Models, Animal; Humans; Brain; Microglia; Phagocytosis; Amyloid beta-Protein Precursor; Animals; Mice; Alzheimer Disease; Amyloid beta-Peptides; Disease Models, Animal; Mice, Transgenic; Neuroglia; Plaque, Amyloid; Humans; Mice; Humans; Female; Animals; Alzheimer Disease; Plaque, Amyloid; Resilience, Psychological; Mice, Inbred C57BL; Microglia; Genetic Variation; Disease Models, Animal; Mice, Transgenic; Amyloid beta-Peptides; Humans; Nivolumab; Aged; Male; Female; Middle Aged; Carcinoma, Transitional Cell; Antineoplastic Combined Chemotherapy Protocols; Aged, 80 and over; Adult; Neoplasm Metastasis; Urologic Neoplasms; Urinary Bladder Neoplasms; RNA-Seq; Transcriptome; RNA Editing; Nucleotides; Sequence Analysis, RNA; High-Throughput Nucleotide Sequencing; Gene Expression Profiling; RNA-Seq; Gene Regulatory Networks; Animals; Mice; Hair; Hair Follicle; Hyaluronan Receptors; Melanocytes; Nevus; Osteopontin; Stem Cells; Signal Transduction"
"Nicholas, Dequina",asst prof,research,"Nicholas, Dequina[Author] AND Irvine[Affiliation] OR Nicholas, D[Author] AND Irvine[Affiliation]","['40436017', '40315855', '40251446', '39910286', '39868135', '39606781', '39546568', '39481749', '38915633', '38260148', '38224289', '38060459', '37214953', '37039663', '35644775', '35606213']","Zebrafish; Animals; Gastrointestinal Microbiome; Bacteriophages; Virion; Escherichia coli; Humans; Brain; RNA, Long Noncoding; Female; Humans; Ovarian Neoplasms; Neoplastic Stem Cells; Cell Plasticity; Cell Line, Tumor; Gene Expression Regulation, Neoplastic; Animals; Cell Membrane; Insulin; Mice; Glucose Transporter Type 1; Proto-Oncogene Proteins c-akt; Glycolysis; Cell Line; Cell Fractionation; Protein Transport; Signal Transduction; Glucose; Female; Animals; Mice; Lipopolysaccharides; Pituitary Gland; Gene Expression Profiling; Transcriptome; Gonadotropins, Pituitary; Pituitary Diseases; Inflammation; Humans; Animals; Mice; Proprotein Convertase 9; Signal Transduction; Homeostasis; Adiposity; CD8-Positive T-Lymphocytes; Cell Differentiation; Lymphocytic Choriomeningitis; Lymphocytic choriomeningitis virus; Persistent Infection; Animals; Mice; Cell Survival; Up-Regulation; Cell Proliferation; Humans; Laboratories; Research Personnel; COVID-19; Female; Humans; Laboratories; Pandemics"
"Nie, Qing",prof,research,"Nie, Qing[Author] AND Irvine[Affiliation] OR Nie, Q[Author] AND Irvine[Affiliation]","['40461502', '40307231', '40262896', '40258090', '39975141', '39849993', '39787221', '39627184', '39463971', '39384741', '39294560', '39289562', '39273049', '39187683', '39174710', '39122702', '39083073', '39019149', '39005302', '38861924']","Humans; Choroid Plexus; Epithelial Cells; Organoids; Pluripotent Stem Cells; Cell Differentiation; Cell Lineage; Transcriptome; Female; Amyotrophic Lateral Sclerosis; Animals; Motor Neurons; Methyltransferases; Humans; Induced Pluripotent Stem Cells; Mice; Adenosine; Alpha-Ketoglutarate-Dependent Dioxygenase FTO; Homeostasis; Disease Models, Animal; Mice, Knockout; Male; Methylation; Female; Cell Communication; Signal Transduction; Humans; Transcriptome; COVID-19; SARS-CoV-2; Gene Expression Profiling; Feedback, Physiological; Animals; Single-Cell Analysis; Humans; Mice; Transcriptome; Computational Biology; Gene Expression Profiling; Sequence Analysis, RNA; Machine Learning; Drosophila; Neural Networks, Computer; Animals; Adjuvants, Immunologic; Mice; Influenza Vaccines; Influenza A Virus, H5N1 Subtype; Squalene; Orthomyxoviridae Infections; Female; Antibodies, Viral; Homeostasis; Down-Regulation; Lymphocytes; Antibodies, Neutralizing; Mice, Inbred BALB C; Hemagglutinin Glycoproteins, Influenza Virus; Saponins; Oligodeoxyribonucleotides; Lipid A; Polysorbates; Animals; Humans; Mice; Adipocytes; Biomechanical Phenomena; Cartilage; Extracellular Matrix; Lipid Droplets; Lipid Metabolism; Lipogenesis; Obesity; Vacuoles; Cell Communication; Animals; Mice; Humans; COVID-19; Single-Cell Analysis; Transcriptome; Skin; Cluster Analysis; Computational Biology; SARS-CoV-2; Embryo, Mammalian; Gene Expression Profiling; RNA-Seq; Rosacea; Sequence Analysis, RNA; Single-Cell Gene Expression Analysis; Fibroblasts; Keratinocytes; Schwann Cells; T-Lymphocytes; Humans; Male; Female; Young Adult; Adult; Middle Aged; Animals; Mice; Skin; Single-Cell Analysis; Humans; Sequence Analysis, RNA; Transcriptome; Algorithms; Gene Expression Profiling; Gene Regulatory Networks; Animals; Humans; Cell Communication; Computational Biology; Gene Expression Profiling; Single-Cell Analysis; Software; Transcriptome; Induced Pluripotent Stem Cells; Humans; Cardiomyopathy, Dilated; Lamin Type A; Myocytes, Cardiac; Cell Differentiation; Haploinsufficiency; Female; Transcriptome; Pericardium; Cell Lineage; Single-Cell Analysis; Gene Expression Regulation; Mutation; Adult; Animals; Single-Cell Analysis; Mice; Transcriptome; COVID-19; Cell Communication; Humans; Gene Expression Profiling; Islets of Langerhans; Sequence Analysis, RNA; SARS-CoV-2; Embryonic Development; Humans; Genomics; Big Data; Animals; Connectome; Computational Biology; Animals; Hydrogels; Wound Healing; Fibroblasts; Macrophages; Mice; Female; Cell Communication; Biocompatible Materials; RANK Ligand; Mice, Inbred C57BL; Cross-Linking Reagents; Gelatin; Inflammation; Drug Repositioning; Humans; Proteins; Computational Biology; Algorithms; Alzheimer Disease; Wound Healing; Fibroblasts; Animals; Single-Cell Analysis; Mice; Skin; Signal Transduction; Cicatrix; Disease Models, Animal; Extracellular Matrix; Animals; CD8-Positive T-Lymphocytes; T-Lymphocytes, Regulatory; Humans; Mice; Programmed Cell Death 1 Receptor; Melanoma; Inducible T-Cell Co-Stimulator Protein; Immunotherapy; Immune Checkpoint Inhibitors; Interleukin-2; Mice, Inbred C57BL; Signal Transduction; Melanoma, Experimental; Cell Line, Tumor"
"Parsons, Michael",assoc prof,research,"Parsons, Michael[Author] AND Irvine[Affiliation] OR Parsons, M[Author] AND Irvine[Affiliation]","['38354325', '37633272', '37401381', '38725546', '35314806', '35027648']","Adult; Female; Humans; Male; Incidence; Indigenous Peoples; Stroke; Middle Aged; Developed Countries; Mice; Animals; Mice, Knockout; Zebrafish; Alleles; Integrases; Gene Knockout Techniques; Animals; Zebrafish; Hyperglycemia; Metronidazole; Diabetes Mellitus; Nitroreductases; Animals, Genetically Modified; Humans; Case-Control Studies; BRCA2 Protein; Genetic Predisposition to Disease; Female; BRCA1 Protein; Breast Neoplasms; Likelihood Functions; Genetic Variation; Penetrance; Genetic Testing; Bayes Theorem; Breast Neoplasms; Carcinoma, Ovarian Epithelial; Female; Genetic Predisposition to Disease; Humans; Ovarian Neoplasms; Polymorphism, Single Nucleotide; Prospective Studies; Risk Factors"
"Pizzagalli, Diego",prof,research,"Pizzagalli, Diego[Author] AND Irvine[Affiliation] OR Pizzagalli, D[Author] AND Irvine[Affiliation]",['39262818'],
"Plikus, Maksim",prof,research,"Plikus, Maksim[Author] AND Irvine[Affiliation] OR Plikus, M[Author] AND Irvine[Affiliation]","['40019454', '39915446', '39891645', '39841178', '39787221', '39582289', '39480941', '39306776', '39289562', '39122702', '39019149', '38996487', '38906093', '38851191', '38658750', '38451470', '38157451', '38036291', '37897482', '37747389']","Humans; Colorectal Neoplasms; Reactive Oxygen Species; Mitochondria; Phosphoprotein Phosphatases; Cytosol; Protein Serine-Threonine Kinases; Disease Progression; Phosphorylation; YAP-Signaling Proteins; Adaptor Proteins, Signal Transducing; Cell Line, Tumor; Animals; Serine-Threonine Kinase 3; Mice; Tumor Suppressor Proteins; Mitochondrial Proteins; Transcription Factors; HCT116 Cells; Animals; Mice; Skin; Circadian Rhythm; Circadian Clocks; Mice, Transgenic; Research Design; Humans; Humans; Hair; Biological Evolution; Animals; Scalp; Hair Follicle; Animals; Humans; Mice; Adipocytes; Biomechanical Phenomena; Cartilage; Extracellular Matrix; Lipid Droplets; Lipid Metabolism; Lipogenesis; Obesity; Vacuoles; Colorectal Neoplasms; Humans; Wnt Signaling Pathway; Disease Progression; Animals; YAP-Signaling Proteins; Mice; Casein Kinase 1 epsilon; Cell Line, Tumor; Transcription Factors; Gene Expression Regulation, Neoplastic; Adaptor Proteins, Signal Transducing; Signal Transduction; Cell Proliferation; Animals; Humans; Cell Communication; Computational Biology; Gene Expression Profiling; Single-Cell Analysis; Software; Transcriptome; Animals; Hydrogels; Wound Healing; Fibroblasts; Macrophages; Mice; Female; Cell Communication; Biocompatible Materials; RANK Ligand; Mice, Inbred C57BL; Cross-Linking Reagents; Gelatin; Inflammation; Wound Healing; Fibroblasts; Animals; Single-Cell Analysis; Mice; Skin; Signal Transduction; Cicatrix; Disease Models, Animal; Extracellular Matrix; Animals; Mammoths; Genome; Female; Skin; Elephants; Chromatin; Fossils; DNA, Ancient; Mice; Humans; X Chromosome; Animals; Humans; Body Patterning; Embryonic Development; Homeostasis; Organoids; Aging; Animals; TRPV Cation Channels; Fibroblasts; Macrophages; Mice; Calcitonin Gene-Related Peptide; Hair Follicle; Osteopontin; Mice, Inbred C57BL; Dermis; Hair; Nociceptors; Skin; Animals; Female; Male; Mice; Epigenomics; Evolution, Molecular; Gene Expression Profiling; Gene Expression Regulation, Developmental; Genome; Genomics; Homeodomain Proteins; Locomotion; Marsupialia; Phylogeny; Regulatory Sequences, Nucleic Acid; Transcription Factors; Phenotype; Humans; Animals; Humans; Mice; Disease Models, Animal; Epithelial Cells; Glycolysis; Mammals; Mechanistic Target of Rapamycin Complex 2; Mice, Knockout; Neoplasms; Phosphofructokinase-2; Proto-Oncogene Proteins c-akt; Sirolimus; Humans; Animals; Mice; Necroptosis; NAD; R-Loop Structures; Inflammatory Bowel Diseases; Epithelial Cells; Intestinal Mucosa; Inflammation; DNA-Binding Proteins; Mitochondria; Cicatrix; Myofibroblasts; Animals; Wound Healing; Collagen; Skin; Keratinocytes; Mice; Male; Humans; Disease Models, Animal; Female; Stem Cells; Skin; Skin Aging; Regeneration; Skin Physiological Phenomena"
"Ranz, Jose",assoc prof,research,"Ranz, Jose[Author] AND Irvine[Affiliation] OR Ranz, J[Author] AND Irvine[Affiliation]","['38488057', '38258319', '37864070', '37000122', '35377922', '35042416']","Animals; Female; Male; Butterflies; Chromosomes; Genome; Larva; Transcriptome; Animals; Drosophila; Genomics; Gene Expression Profiling; Heterozygote; INDEL Mutation; Animals; Male; Drosophila melanogaster; Drosophila Proteins; Spermatogenesis; Testis; RNA; Axonemal Dyneins; Animals; Male; Female; Drosophila; Semen; X Chromosome; Cell Differentiation; Transcriptome; Hybridization, Genetic; Animals; Genetic Fitness; Male; Spiroplasma; Tsetse Flies; Animals; Butterflies; Chromosomes; Diptera; Drosophila melanogaster; Evolution, Molecular; Lepidoptera; Phylogeny; Random Allocation"
"Razorenova, Olga",assoc prof,research,"Razorenova, Olga[Author] AND Irvine[Affiliation] OR Razorenova, O[Author] AND Irvine[Affiliation]","['39546568', '38948754', '35240916']","RNA, Long Noncoding; Female; Humans; Ovarian Neoplasms; Neoplastic Stem Cells; Cell Plasticity; Cell Line, Tumor; Gene Expression Regulation, Neoplastic; Animals; Carcinoma, Renal Cell; Cell Line, Tumor; Cyclic N-Oxides; Cyclin-Dependent Kinase Inhibitor Proteins; Cyclin-Dependent Kinases; Female; Humans; Indolizines; Kidney Neoplasms; Male; Mice; Protein Kinase Inhibitors; Pyridinium Compounds; Synthetic Lethal Mutations; Von Hippel-Lindau Tumor Suppressor Protein"
"Rebolleda-Gomez, Maria",asst prof,research,"Rebolleda-Gomez, Maria[Author] AND Irvine[Affiliation] OR Rebolleda-Gomez, M[Author] AND Irvine[Affiliation]","['37961608', '34978723']",
"Ribbe, Markus",prof,research,"Ribbe, Markus[Author] AND Irvine[Affiliation] OR Ribbe, M[Author] AND Irvine[Affiliation]","['40315313', '39713742', '39663240', '38865457', '38527309', '37909748', '37871225', '37419863', '38463155', '36542730', '36235278', '36213009', '35925843', '35849738', '35550498', '35218104']","Escherichia coli; Nitrogenase; Azotobacter vinelandii; Oxidoreductases; Bacterial Proteins; Nitrogen Fixation; Nitrogenase; Biocatalysis; Evolution, Molecular; Catalysis; Nitrogenase; Phylogeny; Nitrogen; Molybdoferredoxin; Models, Molecular; Bacterial Proteins; Nitrogen Fixation; Nitrogenase; Azotobacter vinelandii; Nitrogen; Adenosine Triphosphate; Azotobacter vinelandii; Escherichia coli; Nitrogenase; Gene Expression; Bacterial Proteins; Recombinant Proteins; Nitrogenase; Escherichia coli; Nitrogen Fixation; Oxidoreductases; Azotobacter vinelandii; Metalloproteins; Bacterial Proteins; Carbon Monoxide; Oxidation-Reduction; Nitrogenase; Hydrocarbons; Adenosine Triphosphate; Nitrogenase; Hydrocarbons; Biotechnology; Carbon Dioxide; Hydrocarbons; Nitrogenase; Oxidation-Reduction; Oxidoreductases; Hydrocarbons; Nitrogenase; Oxidation-Reduction; Aldehyde Oxidoreductases; Carbon Dioxide; Formate Dehydrogenases; Hydrogenase; Multienzyme Complexes; Nitrogenase; Oxidation-Reduction; Metalloproteins; Methyltransferases; Molybdoferredoxin; Nitrogenase; S-Adenosylmethionine; Azotobacter vinelandii; Iron-Sulfur Proteins; Nitrogenase; Oxidation-Reduction; Oxidoreductases"
"Rodriguez Verdugo, Alejandra",asst prof,research,"Rodriguez Verdugo, Alejandra[Author] AND Irvine[Affiliation] OR Rodriguez Verdugo, A[Author] AND Irvine[Affiliation]","['40099871', '39404341', '39235107', '39020097', '38464198', '37140066', '36965002']","Pseudomonas putida; Biofilms; Microbiota; Coculture Techniques; Mutation; Acinetobacter; Genotype; Flagella; Epistasis, Genetic; Escherichia coli; Escherichia coli Proteins; DNA-Directed RNA Polymerases; Genetic Fitness; Mutation; Hot Temperature; Rho Factor; Adaptation, Physiological; Plant Leaves; Bacteria; Ecosystem; Species Specificity; Xylans; Xylose; Models, Theoretical; Actinobacteria; Bacteroidetes; Proteobacteria; Microbial Interactions; Poaceae; Escherichia coli; Evolution, Molecular; Adaptation, Physiological; Phenotype; Genotype; Mutation; Genetic Background; Epistasis, Genetic"
"Schechtman-Drayman, Eitan",asst prof,research,"Schechtman-Drayman, Eitan[Author] AND Irvine[Affiliation] OR Schechtman-Drayman, E[Author] AND Irvine[Affiliation] OR 0000-0002-8127-012X[Author - Identifier]","['40435118', '38466857', '36973868', '36720637', '36112506', '35856715', '35311814', '35031277']","Humans; Data Collection; Sexual and Gender Minorities; Research Personnel; Male; Research Design; Female; Animals; Computational Biology; Humans; Sleep; Learning; Cues; Memory Consolidation; Humans; Memory Consolidation; Memory, Episodic; Sleep; Spatial Memory; Humans; Sleep; Wakefulness; Cognition; Cognitive Dysfunction; DNA; Diffusion; Molecular Dynamics Simulation; Transcription Factors; Bacteriophage T7; Bacteriophages; DNA-Directed RNA Polymerases; Promoter Regions, Genetic; RNA, Viral; Transcription, Genetic"
"Schilling, Thomas",prof,research,"Schilling, Thomas[Author] AND Irvine[Affiliation] OR Schilling, T[Author] AND Irvine[Affiliation]","['40364987', '40145570', '39868081', '39787221', '39575928', '39330988', '38975838', '37497608', '37039156', '36561564', '36377462', '36001035', '35171678']","Animals; Zebrafish; Tendons; Gene Expression Profiling; Muscle Contraction; Mechanotransduction, Cellular; Fibroblasts; Gene Expression Regulation, Developmental; Embryo, Nonmammalian; Tenocytes; Zebrafish Proteins; Transcriptome; Animals; Humans; Mice; Adipocytes; Biomechanical Phenomena; Cartilage; Extracellular Matrix; Lipid Droplets; Lipid Metabolism; Lipogenesis; Obesity; Vacuoles; Animals; Zebrafish; Sex Determination Processes; Germ Cells; Cell Proliferation; Male; Female; Zebrafish Proteins; Receptors, Retinoic Acid; Tretinoin; Gonads; Animals, Genetically Modified; Gene Expression Regulation, Developmental; Mutation; Animals; Zebrafish; Aquaporins; Lens, Crystalline; Eye Proteins; Water; Permeability; Zebrafish Proteins; Calcium; Gene Expression Regulation, Developmental; Animals, Genetically Modified; Zebrafish; Animals; Cohesins; Cell Cycle Proteins; Chromosomal Proteins, Non-Histone; Zebrafish Proteins; Mutation; Gene Expression Regulation, Developmental; Wnt Signaling Pathway; Embryonic Development; Gene Dosage; Mesoderm; Animals; Zebrafish; Tendons; Bone and Bones; Signal Transduction; Ligaments; Animals; Bone and Bones; Cartilage; Cell Polarity; Chondrocytes; Morphogenesis; Receptor Tyrosine Kinase-like Orphan Receptors; Receptors, Wnt; Wnt Proteins; Wnt Signaling Pathway; Zebrafish; Zebrafish Proteins; Humans; Mice; Animals; Chondrocytes; Zebrafish; Cartilage; Growth Plate; Skull; Mammals; Animals; Vertebrates; Jaw; Regulatory Sequences, Nucleic Acid; Biological Evolution; Animals; Cichlids; Lakes; Malawi; Species Specificity; Mammals; Animals; Aquaporins; Eye Proteins; Lens, Crystalline; Water; Zebrafish"
"Shi, Xiaoyu",asst prof,research,"Shi, Xiaoyu[Author] AND Irvine[Affiliation] OR Shi, X[Author] AND Irvine[Affiliation]","['40279599', '40215501', '40032836', '40021189', '39918952', '39915446', '39878999', '39814881', '39798570', '39752696', '39485985', '39485965', '39423379', '39303265', '39303233', '39105364', '39094132', '38996325', '38982243', '38948754']","Vitis; Genome, Plant; Plant Breeding; Reproduction; Pollination; Genetic Variation; Genetics, Population; Heterozygote; Crops, Agricultural; Genome, Plant; Epigenomics; Genomics; Homozygote; Reproduction; Epigenesis, Genetic; Gene Expression Regulation, Plant; Genes, Plant; Diploidy; Chromosomes, Plant; Humans; Colorectal Neoplasms; Reactive Oxygen Species; Mitochondria; Phosphoprotein Phosphatases; Cytosol; Protein Serine-Threonine Kinases; Disease Progression; Phosphorylation; YAP-Signaling Proteins; Adaptor Proteins, Signal Transducing; Cell Line, Tumor; Animals; Serine-Threonine Kinase 3; Mice; Tumor Suppressor Proteins; Mitochondrial Proteins; Transcription Factors; HCT116 Cells; Animals; Mice; Endocytosis; Long-Term Potentiation; Receptors, AMPA; Synapses; Male; Acyltransferases; Memory Disorders; Peptides; Memory; Pinocytosis; Protein Kinase C; Hippocampus; Brain Injuries; Mice, Inbred C57BL; Humans; Humans; RNA Precursors; HeLa Cells; RNA Splicing; Cell Nucleus; RNA Polymerase II; RNA 3' End Processing; RNA, Messenger; HEK293 Cells; Protein Binding; Intrinsically Disordered Proteins; RNA Processing, Post-Transcriptional; Gene Expression Regulation; RNA-Binding Proteins; Humans; Proteomics; Staining and Labeling; Protein Interaction Mapping; Microscopy; Proteins"
"Sorte, Cascade",prof,research,"Sorte, Cascade[Author] AND Irvine[Affiliation] OR Sorte, C[Author] AND Irvine[Affiliation]","['38600085', '37546568', '37260224', '36806368', '35972940', '35622892', '35257208', '35039551']",Biodiversity; Conservation of Natural Resources; Ecosystem; Europe; Introduced Species; Nitrogen; Animals; Ecosystem; Carbon Dioxide; Alaska; Oxygen; Hydrogen-Ion Concentration; Humans; Ecosystem; Biodiversity; Introduced Species; Plants; Geography; Biodiversity; Ecosystem; Human Activities; Humans; Introduced Species; Anthropogenic Effects; Climate Change; Ecosystem; Humans; Introduced Species; Temperature; Animals; Climate Change; Ecosystem; Gastropoda; Predatory Behavior; Species Specificity
"Stark, Craig",prof,research,"Stark, Craig[Author] AND Irvine[Affiliation] OR Stark, C[Author] AND Irvine[Affiliation]","['40233872', '40093240', '39974878', '39763904', '39547056', '39450914', '39450487', '39268219', '39239893', '39239892', '39055313', '39055052', '38826456', '38561226', '38559159', '38527084', '38481469', '38076964', '37908438', '37690498']","Animals; Dogs; Alzheimer Disease; NFATC Transcription Factors; Disease Models, Animal; Cognition; Calcineurin Inhibitors; Tacrolimus; Calcineurin; Aging; Male; Female; Spatial Learning; Memory; Cognitive Dysfunction; Hippocampus; Humans; Magnetic Resonance Imaging; Quality Control; Image Processing, Computer-Assisted; Reproducibility of Results; Neuroimaging; Humans; Aged; Female; Male; Magnetic Resonance Imaging; Aging; Temporal Lobe; Hippocampus; Aged, 80 and over; Middle Aged; Cognitive Dysfunction; Image Processing, Computer-Assisted; Atlases as Topic; Atrophy; Entorhinal Cortex; Mental Status and Dementia Tests; Adult; Aged; Humans; Male; Middle Aged; Young Adult; Alzheimer Disease; Amyloid beta-Peptides; Benchmarking; Biomarkers; Cognition; Memory; Models, Biological; tau Proteins; Female; Humans; Alzheimer Disease; Cognitive Dysfunction; Female; Male; tau Proteins; Aged; Positron-Emission Tomography; Biomarkers; Amyloid beta-Peptides; Disease Progression; Neuropsychological Tests; Aged, 80 and over; Animals; Dogs; Female; Atrophy; Male; Aging; Brain; Tacrolimus; Behavior, Animal; Magnetic Resonance Imaging; Humans; Magnetic Resonance Imaging; Male; Female; Young Adult; Adult; Brain Mapping; Learning; Reading; Verbal Learning; Oxygen; Hippocampus; Cerebral Cortex; Pattern Recognition, Visual; Humans; Hallux Valgus; Reproducibility of Results; Foot; Foot Deformities; Radiography"
"Striedter, Georg",prof,research,"Striedter, Georg[Author] AND Irvine[Affiliation] OR Striedter, G[Author] AND Irvine[Affiliation]",[],
"Suetterlin, Christine",prof,research,"Suetterlin, Christine[Author] AND Irvine[Affiliation] OR Suetterlin, C[Author] AND Irvine[Affiliation] OR 0000-0003-1354-507X[Author - Identifier]","['39670716', '38885287', '35726915', '35703434']","Chlamydia trachomatis; Humans; Bacterial Proteins; Gene Knockdown Techniques; HeLa Cells; Membrane Proteins; Sorting Nexins; Gene Expression Regulation, Bacterial; Chlamydia trachomatis; Cilia; Chlamydia Infections; Humans; Epithelial Cells; Chlamydia trachomatis; Escherichia coli; Gene Expression Regulation, Bacterial; RNA, Messenger; RNA, Small Untranslated; Reverse Genetics; AMP-Activated Protein Kinases; Bacterial Proteins; Chlamydia; Chlamydia Infections; Chlamydia trachomatis; Humans; Lipids; Proto-Oncogene Proteins c-akt"
"Sumikawa, Katumi",prof,research,"Sumikawa, Katumi[Author] AND Irvine[Affiliation] OR Sumikawa, K[Author] AND Irvine[Affiliation]","['39522675', '36029955']","Animals; Prefrontal Cortex; Receptor, Muscarinic M1; Nicotine; Male; Hippocampus; Female; Pyramidal Cells; Allosteric Regulation; N-Methylaspartate; Rats, Sprague-Dawley; Nicotinic Agonists; Rats; Interneurons; Long-Term Potentiation; Receptors, N-Methyl-D-Aspartate; CA1 Region, Hippocampal; Quinolines; Animals; Female; Hippocampus; Long-Term Potentiation; Mice; Mice, Inbred C57BL; Mice, Knockout; Nicotine; Nicotinic Agonists; Pregnancy; Receptors, Nicotinic"
"Sun, Sha",assoc prof,research,"Sun, Sha[Author] AND Irvine[Affiliation] OR Sun, S[Author] AND Irvine[Affiliation]","['40341981', '40334661', '40279599', '40215501', '40021189', '39878999', '39752696', '39632215', '39546568', '39508510', '39483792', '39485985', '39485965', '39479477', '39423379', '39404623', '39303265', '39303233', '39291347', '39270182']","Humans; Carcinoma, Non-Small-Cell Lung; ErbB Receptors; Lung Neoplasms; Exons; Female; Male; Prognosis; Biomarkers, Tumor; Middle Aged; Mutagenesis, Insertional; Protein Kinase Inhibitors; Aged; Circulating Tumor DNA; Drug Resistance, Neoplasm; Radiology; Humans; Educational Measurement; Specialty Boards; Retrospective Studies; Large Language Models; RNA, Long Noncoding; Female; Humans; Ovarian Neoplasms; Neoplastic Stem Cells; Cell Plasticity; Cell Line, Tumor; Gene Expression Regulation, Neoplastic; Humans; Diagnosis, Differential; Reproducibility of Results; Algorithms"
"Swarup, Vivek",assoc prof,research,"Swarup, Vivek[Author] AND Irvine[Affiliation] OR Swarup, V[Author] AND Irvine[Affiliation]","['40482637', '40387921', '40060680', '40015966', '39988890', '39844286', '39809279', '39578645', '39484433', '39282421', '39053462', '38907165', '38895362', '38869276', '38616896', '38534018', '38489267', '38460121', '38426371', '37546983']","Humans; Down Syndrome; Alzheimer Disease; Apolipoproteins E; Female; Male; Middle Aged; Aged; Brain; Adult; Animals; Brain; Mice; Postmortem Changes; Transcriptome; Mice, Transgenic; Tauopathies; Neurons; Male; Disease Models, Animal; Mice, Inbred C57BL; Time Factors; Animals; Microglia; Integrases; Mice; Mice, Transgenic; Alzheimer Disease; Disease Models, Animal; Brain; Mice, Inbred C57BL; Plaque, Amyloid; Male; Female; Animals; Microglia; Mice; Alzheimer Disease; Plaque, Amyloid; tau Proteins; Mice, Transgenic; Disease Models, Animal; Tauopathies; Brain; Apolipoproteins E; Humans; Animals; Mice; Humans; Spinal Cord Injuries; Wound Healing; Myeloid Cells; Spinal Cord; Aging; Female; Mice, Inbred C57BL; Killer Cells, Natural; Male; Natural Killer T-Cells; CD8-Positive T-Lymphocytes; Alzheimer Disease; Animals; Humans; Down Syndrome; Transcriptome; Mice; Female; Gene Expression Profiling; Disease Models, Animal; Male; Cell Nucleus; Aged; Gene Regulatory Networks; Aged, 80 and over; Cell Communication; Animals; Immunity, Innate; Mice; Aging; Remyelination; Microglia; Myeloid Cells; Central Nervous System; Mice, Inbred C57BL; Myelin Sheath; Epigenesis, Genetic; Demyelinating Diseases; Disease Models, Animal; Animals; Astrocytes; Spinal Cord Injuries; Mice; Male; Wound Healing; Female; Stroke; Mice, Inbred C57BL; Cellular Reprogramming; Oligodendrocyte Precursor Cells; Cell Proliferation; MicroRNAs; Encephalitis Virus, Japanese; Microglia; Fatty Acids, Volatile; Mice; Animals; Inflammation; Encephalitis, Japanese; Cell Line; Transcription Factors; NF-KappaB Inhibitor alpha; NF-kappa B; Signal Transduction; Humans; Alzheimer Disease; Humans; Systems Biology; Gene Regulatory Networks; Epigenomics; Genomics; Brain; Multiomics; Mice; Animals; Habenula; Cocaine; Memory; Gene Expression Regulation; Recurrence; Animals; Mice; Alzheimer Disease; Amyloid beta-Peptides; Disease Models, Animal; Mice, Transgenic; Neuroglia; Plaque, Amyloid; Humans; Mice; Humans; Female; Animals; Alzheimer Disease; Plaque, Amyloid; Resilience, Psychological; Mice, Inbred C57BL; Microglia; Genetic Variation; Disease Models, Animal; Mice, Transgenic; Amyloid beta-Peptides"
"Symons, Celia",asst prof,research,"Symons, Celia[Author] AND Irvine[Affiliation] OR Symons, C[Author] AND Irvine[Affiliation]","['40198102', '38840430', '38273540', '38273537', '36930600', '36707927', '35767874', '35315562', '35193976']","Ecosystem; Biodiversity; Conservation of Natural Resources; Humans; Climate Change; Lakes; Wildfires; Smoke; Ecosystem; North America; Environmental Monitoring; Ecosystem; Carbon Dioxide; Fires; Forests; Wildfires; Ponds; Biomass; Dissolved Organic Matter; Fresh Water; Organic Chemicals; Ecosystem; Models, Biological; Time Factors; Temperature; Population Dynamics; Ecology; Animals; Plankton; Seasons; Lakes; Time Factors; Phytoplankton; Zooplankton; Ecosystem; Animals; Antelopes; Bacteria; Ecosystem; Animals; Anthropogenic Effects; Ecosystem; Europe; Guidelines as Topic; Lakes; North America; Salinity; Water Quality; Zooplankton"
"Tenner, Andrea",prof,research,"Tenner, Andrea[Author] AND Irvine[Affiliation] OR Tenner, A[Author] AND Irvine[Affiliation]","['40128350', '39844286', '39653749', '39147742', '38895362', '38572865', '38506634', '38460121', '38426371', '38278523', '37873302', '37726739', '37662399', '36803190', '36750318', '36462718', '35978440', '35820938', '35140584']","Alzheimer Disease; Humans; Animals; Complement System Proteins; Animals; Microglia; Mice; Alzheimer Disease; Plaque, Amyloid; tau Proteins; Mice, Transgenic; Disease Models, Animal; Tauopathies; Brain; Apolipoproteins E; Humans; Humans; Alzheimer Disease; Animals; Neuroinflammatory Diseases; Inflammation; Immunity, Innate; Animals; Receptor, Anaphylatoxin C5a; Alzheimer Disease; Disease Models, Animal; Mice; Female; Male; Signal Transduction; Microglia; Hippocampus; Neuroglia; Astrocytes; Mice, Transgenic; Humans; Mice, Inbred C57BL; Animals; Female; Humans; Male; Mice; Alzheimer Disease; Amyloid beta-Peptides; Disease Models, Animal; Gastrointestinal Microbiome; Gene Knock-In Techniques; Genotype; Metabolomics; Mice, Transgenic; Microbiota; Sex Characteristics; Animals; Mice; ATP-Binding Cassette Transporters; Plaque, Amyloid; Amyloid beta-Peptides; Alzheimer Disease; Mice, Transgenic; Neurons; Disease Models, Animal; Humans; Brain; Microglia; Phagocytosis; Amyloid beta-Protein Precursor; Animals; Mice; Alzheimer Disease; Amyloid beta-Peptides; Disease Models, Animal; Mice, Transgenic; Neuroglia; Plaque, Amyloid; Humans; Mice; Humans; Female; Animals; Alzheimer Disease; Plaque, Amyloid; Resilience, Psychological; Mice, Inbred C57BL; Microglia; Genetic Variation; Disease Models, Animal; Mice, Transgenic; Amyloid beta-Peptides; Mice; Animals; Humans; Alzheimer Disease; Synapses; Long-Term Potentiation; Disease Models, Animal; Animals; Mice; Alzheimer Disease; Complement C1q; Disease Models, Animal; Gastrointestinal Microbiome; Neurodegenerative Diseases; Neuroinflammatory Diseases; Receptors, Complement; Mice; Animals; Alzheimer Disease; Cuprizone; RNA Splicing; Mutation; Plaque, Amyloid; Disease Models, Animal; Demyelinating Diseases; Microglia; Brain; Membrane Glycoproteins; Receptors, Immunologic; Humans; Animals; Neuroinflammatory Diseases; Neuroprotection; Brain; Complement System Proteins; Neuronal Plasticity; Microglia; Mice; Animals; Alzheimer Disease; Calcium; Mice, Transgenic; Neurons; Memory Disorders; Hippocampus; Disease Models, Animal; Alzheimer Disease; Animals; Disease Models, Animal; Disease Progression; Mice; Microglia; Neurodegenerative Diseases; Receptor, Anaphylatoxin C5a; Alzheimer Disease; Animals; Biological Phenomena; Mice; Microglia; Plaque, Amyloid; Receptor, Anaphylatoxin C5a; Signal Transduction"
"Thompson-Peer, Katherine",asst prof,research,"Thompson-Peer, Katherine[Author] AND Irvine[Affiliation] OR Thompson-Peer, K[Author] AND Irvine[Affiliation]","['39433621', '38825174', '36547263']","Animals; Dendrites; Neurodegenerative Diseases; Disease Models, Animal; Neuroprotection; Drosophila; Drosophila melanogaster; Peptides; Neurons; Dendrites; Animals; Calcium; Nerve Regeneration; Humans; Mice; Potassium Channels, Inwardly Rectifying; Mice, Transgenic; Humans; Integrins; Endothelial Cells; Huntington Disease; Neuroglia; Blood-Brain Barrier; Extracellular Matrix"
"Thompson, Leslie",prof,research,"Thompson, Leslie[Author] AND Irvine[Affiliation] OR Thompson, L[Author] AND Irvine[Affiliation]","['40482637', '40258535', '40089066', '39913709', '39809899', '39762660', '39737949', '39391934', '39331414', '39307401', '39282421', '39178144', '39074279', '39005258', '38968054', '38949341', '38872308', '38697975', '38608784', '38523130']","Huntingtin Protein; Humans; Neurons; Cerebral Cortex; Trinucleotide Repeat Expansion; Huntington Disease; Cell Differentiation; Gene Knockout Techniques; Humans; Quantitative Trait Loci; Brain; Gene Expression Regulation; Tandem Repeat Sequences; Amyotrophic Lateral Sclerosis; Phenotype; Alzheimer Disease; Genetic Variation; Male; C9orf72 Protein; Female; Multiomics; Huntington Disease; Animals; Humans; DNA-Binding Proteins; Mice; Huntingtin Protein; Methyltransferases; Alternative Splicing; Mice, Transgenic; RNA Splicing; Brain; Adenosine; Male; RNA Methylation; Animals; Huntington Disease; Sumoylation; Mice, Transgenic; Mice; Corpus Striatum; Huntingtin Protein; Neurons; Disease Models, Animal; Cells, Cultured; Receptors, Metabotropic Glutamate; Male; Humans; Huntington Disease; Huntingtin Protein; Poly Adenosine Diphosphate Ribose; Signal Transduction; DNA Damage; Neurons; Induced Pluripotent Stem Cells; Fibroblasts; DNA Repair; Humans; Induced Pluripotent Stem Cells; Ataxin-1; Spinocerebellar Ataxias; Motor Neurons; Calcium Signaling; Cell Differentiation; Transcription, Genetic; Huntingtin Protein; Lysosomes; RNA-Binding Proteins; Humans; Ubiquitin; Mitochondria; Autophagy; Animals; Mitochondrial Proteins; Mice; Protein Binding; Huntington Disease; Peptides; Huntington Disease; Terminology as Topic; Humans; Biomedical Research; Amyotrophic Lateral Sclerosis; Humans; Chromatin; Promoter Regions, Genetic; Algorithms; Gene Expression Regulation; Chromatin Immunoprecipitation Sequencing; Histones; Humans; Amyotrophic Lateral Sclerosis; Induced Pluripotent Stem Cells; Motor Neurons; Male; Female; Middle Aged; Case-Control Studies; Chromatin; Aged; Epigenomics; Chromatin Immunoprecipitation Sequencing; Disease Progression; Epigenesis, Genetic; Animals; Huntington Disease; Brain-Derived Neurotrophic Factor; Disease Models, Animal; Synapses; Cerebral Cortex; Mice; Neurons; Mice, Transgenic; Cells, Cultured; Synapsins; Huntingtin Protein; Mice, Inbred C57BL; Humans; Male; Surgical Wound Infection; Female; Prospective Studies; Length of Stay; Middle Aged; Hospital Mortality; Adult; Aged; Rectum; Wound Closure Techniques; Colon"
"Thornton, Kevin",prof,research,"Thornton, Kevin[Author] AND Irvine[Affiliation] OR Thornton, K[Author] AND Irvine[Affiliation]","['37450583', '36173327']","Humans; Female; Male; Uncertainty; Mutation; Alleles; Genetics, Population; Software; Demography"
"Tinoco, Roberto",assoc prof,research,"Tinoco, Roberto[Author] AND Irvine[Affiliation] OR Tinoco, R[Author] AND Irvine[Affiliation]","['39912665', '39846843', '37704621', '37039663', '35774790', '35474500', '35303066']","Programmed Cell Death 1 Receptor; CD8-Positive T-Lymphocytes; Animals; Membrane Glycoproteins; Mice; Lymphocytic Choriomeningitis; Lymphocytic choriomeningitis virus; Mice, Knockout; Mice, Inbred C57BL; Chronic Disease; Persistent Infection; T-Cell Exhaustion; Animals; Lymphocytic choriomeningitis virus; Mice; CD8-Positive T-Lymphocytes; Prion Proteins; Cell Differentiation; Lymphocytic Choriomeningitis; Mice, Knockout; Mice, Inbred C57BL; Immunologic Memory; Lymphocyte Activation; Disease Models, Animal; PrPC Proteins; Humans; CD8-Positive T-Lymphocytes; HMGB2 Protein; Persistent Infection; Cell Differentiation; Virus Diseases; Neoplasms; CD8-Positive T-Lymphocytes; Cell Differentiation; Lymphocytic Choriomeningitis; Lymphocytic choriomeningitis virus; Persistent Infection; Animals; Mice; Cell Survival; Up-Regulation; Cell Proliferation; CD8-Positive T-Lymphocytes; Hepatitis A Virus Cellular Receptor 2; Humans; Immune Checkpoint Inhibitors; Lymphocytic Choriomeningitis; Lymphocytic choriomeningitis virus; Membrane Glycoproteins; Programmed Cell Death 1 Receptor; Diet; Humans; Immunotherapy; Melanoma; Microbiota; Skin Neoplasms; Animals; Cell Line, Tumor; Humans; Immune Checkpoint Inhibitors; Melanoma; Membrane Glycoproteins; Mice; Mice, Inbred C57BL; Programmed Cell Death 1 Receptor"
"Treseder, Kathleen",prof,research,"Treseder, Kathleen[Author] AND Irvine[Affiliation] OR Treseder, K[Author] AND Irvine[Affiliation]","['40262767', '38740930', '38605488', '38059856', '37798477', '37104243', '36965002', '36763634', '36723077']","Soil Microbiology; Bacteria; Anti-Bacterial Agents; Drug Resistance, Bacterial; Alaska; Transcription, Genetic; Genome, Bacterial; Genes, Bacterial; Temperature; Global Warming; Transcriptome; Metagenomics; Bacteria; Metagenome; Microbiota; Uncertainty; Mycorrhizae; Soil; Carbon; Nitrogen; Ecosystem; Soil; Mycorrhizae; Soil Microbiology; Climate Change; Fungi; Life History Traits; Soil; Soil Microbiology; Ecosystem; Bacteria; Animals; United States; Humans; West Nile virus; West Nile Fever; Incidence; Canada; Cold Temperature; Animals; Arthropods; Ecosystem; Songbirds; Ants; Biomass; Lepidoptera; Climate Change; Policy; Technology"
"Tsai, Shiou-Chuan",prof,research,"Tsai, Shiou-Chuan[Author] AND Irvine[Affiliation] OR Tsai, S[Author] AND Irvine[Affiliation]","['39843750', '39013848', '38950089', '38879719', '38776491', '37873296', '37715952', '37205445', '36508764', '35438754']","Female; Humans; Male; Bipolar Disorder; Black or African American; Chromosome Mapping; Cohort Studies; Genetic Predisposition to Disease; Genome-Wide Association Study; Genomics; Hispanic or Latino; Phenotype; White; White People; Humans; Schizophrenia; Male; Female; Adult; Algorithms; Magnetic Resonance Imaging; Gray Matter; Machine Learning; Middle Aged; Brain; Cross-Sectional Studies; Europe; Neuroimaging; Reproducibility of Results; North America; Hippocampus; Humans; Antineoplastic Agents; Adult; Child; Oncology Nursing; Neoplasms; Patient Safety; Female; United States; Male; Societies, Nursing; Animals; Humans; Analgesics, Opioid; Brain; HIV Infections; Opioid-Related Disorders; Single-Cell Analysis; Comorbidity; Humans; Antineoplastic Agents; Adult; Child; Neoplasms; Medical Oncology; Patient Safety; Female; Pediatrics; Sebaceous Glands; Cell Differentiation; Skin; Hair Follicle; Epithelial Cells; Humans; Atrial Fibrillation; Heart; Electrocardiography, Ambulatory; Aged; Aged, 80 and over; Androgens; COVID-19; Hospitalization; Humans; Hypertension; Immunization, Passive; Male; Oxygen; SARS-CoV-2; Treatment Outcome; United States; COVID-19 Serotherapy; COVID-19 Drug Treatment"
"Walsh, Craig",prof,research,"Walsh, Craig[Author] AND Irvine[Affiliation] OR Walsh, C[Author] AND Irvine[Affiliation]","['40466634', '38478322', '37538042', '37352687', '37083696', '35615699']","Humans; Male; Female; Medication Adherence; HIV Infections; Smartphone; Motivational Interviewing; Middle Aged; Adult; Anti-HIV Agents; Alcoholism; Treatment Outcome; Assessment of Medication Adherence; Mice; Animals; Fluticasone; Transplantation, Homologous; Hematopoietic Stem Cell Transplantation; Graft vs Host Disease; Immunosuppressive Agents; Mice; Animals; Microglia; Murine hepatitis virus; Remyelination; Neuroinflammatory Diseases; White Matter; Demyelinating Diseases; Coronavirus Infections; Mice, Inbred C57BL; Humans; Mice; Animals; T-Lymphocytes, Regulatory; CD4-Positive T-Lymphocytes; Multiple Sclerosis; Lymphocyte Activation; Neural Stem Cells; Forkhead Transcription Factors; CD4 Antigens"
"Wang, Wenqi",assoc prof,research,"Wang, Wenqi[Author] AND Irvine[Affiliation] OR Wang, W[Author] AND Irvine[Affiliation]","['40479693', '40371737', '40279599', '40215501', '40167372', '40097783', '40058303', '40021189', '39920630', '39878999', '39752696', '39658552', '39572544', '39485985', '39485965', '39478222', '39454173', '39446060', '39423379', '39342998']","Animals; Animals, Domestic; Genotype; Humans; Transcriptome; Genomics; Phenotype; Particulate Matter; China; Air Pollution; Air Pollutants; Humans; Environmental Monitoring; Environmental Exposure; Mortality; Cities; Humans; Hippo Signaling Pathway; Protein Serine-Threonine Kinases; Transcription Factors; Drug Resistance, Neoplasm; DNA-Binding Proteins; Signal Transduction; Animals; Lung Neoplasms; Adenocarcinoma of Lung; Cell Line, Tumor; Mice; Xenograft Model Antitumor Assays; Metals, Heavy; Female; Phosphorylation; Gene Expression Regulation, Neoplastic; Antineoplastic Agents; Platinum; Humans; Protein Serine-Threonine Kinases; Hippo Signaling Pathway; Neoplasms; Signal Transduction; Mutation, Missense; Neurofibromin 2; Loss of Function Mutation; Cell Line, Tumor; Animals; Head and Neck Neoplasms; Mutation; Mice; Adaptor Proteins, Signal Transducing; Benzothiazoles; Oxidation-Reduction; Hydroxyl Radical; Models, Chemical; Oxygen; Air Pollutants; Kinetics; Saccharomyces cerevisiae; Plasmodium falciparum; Polyamines; Fluorescence; High-Throughput Screening Assays; Saccharomyces cerevisiae Proteins; Spermidine; Catalysis; Putrescine"
"Warrior, Rahul",prof,research,"Warrior, Rahul[Author] AND Irvine[Affiliation] OR Warrior, R[Author] AND Irvine[Affiliation]",['35027733'],"Cadmium; Cell Line, Tumor; DNA-Binding Proteins; Gene Expression Regulation; HEK293 Cells; HeLa Cells; Hippo Signaling Pathway; Homeostasis; Humans; Inactivation, Metabolic; Phosphorylation; Protein Serine-Threonine Kinases; Stress, Physiological; Transcription Factors; Transcription, Genetic; Tumor Suppressor Proteins; Zinc; Transcription Factor MTF-1"
"Whiteson, Katrine",assoc prof,research,"Whiteson, Katrine[Author] AND Irvine[Affiliation] OR Whiteson, K[Author] AND Irvine[Affiliation]","['40217076', '40034082', '39840957', '39699213', '39609616', '39584836', '39572010', '39387587', '39390603', '39384409', '39185190', '39020289', '38572865', '38526142', '38391189', '38157864', '37877698', '37780859', '37726739', '37338237']","Humans; Microbiota; Translational Research, Biomedical; Clostridioides difficile; Clostridium Infections; Precision Medicine; Biofilms; Pseudomonas aeruginosa; Pyocyanine; Optical Imaging; Stenotrophomonas maltophilia; Bacteriophages; Humans; Phage Therapy; Gram-Negative Bacterial Infections; Kinetics; Anti-Bacterial Agents; Wastewater; Genomics; Enterococcus faecium; Enterococcus faecalis; Anti-Bacterial Agents; Bacteriophages; Linezolid; Microbial Sensitivity Tests; Drug Resistance, Multiple, Bacterial; Vancomycin; Humans; Ampicillin; Gram-Positive Bacterial Infections; Humans; Metagenomics; Microbiota; Sputum; Cystic Fibrosis; Bronchoalveolar Lavage Fluid; Freezing; Adult; Cryopreservation; Female; High-Throughput Nucleotide Sequencing; Bacteria; Sequence Analysis, DNA; Male; Respiratory System; Tamoxifen; Gastrointestinal Microbiome; Humans; Mice; Animals; RNA, Ribosomal, 16S; Female; Bacteria; Breast Neoplasms; Antineoplastic Agents, Hormonal; Germ-Free Life; Anti-Bacterial Agents; Anti-Bacterial Agents; Escherichia coli; Microbial Sensitivity Tests; Microscopy, Fluorescence; Tetracycline; Humans; Drug Resistance, Bacterial; Biodiversity; Ecology; Microbiology; Societies, Scientific; United States; Biological Evolution; Humans; Microbiota; Humans; Alzheimer Disease; Gastrointestinal Microbiome; Animals; Brain-Gut Axis; Dementia; Brain; Humans; Endometriosis; Female; Gastrointestinal Microbiome; Adult; Case-Control Studies; Estonia; Cohort Studies; Middle Aged; Metagenomics; Dysbiosis; Young Adult; Animals; Female; Humans; Male; Mice; Alzheimer Disease; Amyloid beta-Peptides; Disease Models, Animal; Gastrointestinal Microbiome; Gene Knock-In Techniques; Genotype; Metabolomics; Mice, Transgenic; Microbiota; Sex Characteristics; Bacteriophages; Anti-Bacterial Agents; Phage Therapy; Humans; Culture Media; Microbial Sensitivity Tests; Bacteria; Drug Resistance, Bacterial; Humans; United States; Pilot Projects; Feasibility Studies; Diet, Mediterranean; Myeloproliferative Disorders; Inflammation; Neoplasms; Nutrients; Humans; Melanoma; Microbiota; Gastrointestinal Microbiome; Neoplasms; Immunotherapy; Host Microbial Interactions; Humans; Diet, Mediterranean; Gastrointestinal Microbiome; Myeloproliferative Disorders; Male; Female; Middle Aged; Aged; Inflammation; Adult; Longitudinal Studies; Bacteria; Humans; Pseudomonas aeruginosa; Staphylococcus aureus; Methicillin-Resistant Staphylococcus aureus; Staphylococcal Infections; Biofilms; Surface-Active Agents; Animals; Mice; Alzheimer Disease; Complement C1q; Disease Models, Animal; Gastrointestinal Microbiome; Neurodegenerative Diseases; Neuroinflammatory Diseases; Receptors, Complement; Adult; Humans; Child; Tobacco Smoke Pollution; Caregivers; Longitudinal Studies; RNA, Ribosomal, 16S; Antioxidants; Microbiota; Streptococcus; Inflammation"
"Wiles, Travis",asst prof,research,"Wiles, Travis[Author] AND Irvine[Affiliation] OR Wiles, T[Author] AND Irvine[Affiliation] OR 0000-0002-5336-7565[Author - Identifier]","['40251446', '39576112', '38915633', '37401381']","Zebrafish; Animals; Gastrointestinal Microbiome; Bacteriophages; Virion; Escherichia coli; Humans; Brain; Zebrafish; Type VI Secretion Systems; Animals; Macrophages; Gastrointestinal Motility; Vibrio cholerae; Intestines; Bacterial Proteins; Animals; Zebrafish; Hyperglycemia; Metronidazole; Diabetes Mellitus; Nitroreductases; Animals, Genetically Modified"
"Wood, Marcelo",prof,research,"Wood, Marcelo[Author] AND Irvine[Affiliation] OR Wood, M[Author] AND Irvine[Affiliation]","['40368589', '39709502', '39677714', '39293721', '39137861', '38895278', '38714691', '38575342', '38489267', '38460121', '38426371', '38320493', '38319152', '38278523', '38191340', '37873302', '37385377', '37377749', '37333407', '36803190']","Animals; Histone Deacetylases; Cocaine; Cholinergic Neurons; Male; Habenula; Mice, Inbred C57BL; Self Administration; Point Mutation; Dopamine Uptake Inhibitors; Mice; Mice, Transgenic; Cues; Conditioning, Operant; Cocaine-Related Disorders; Animals; Mice; Female; Reproducibility of Results; Neurogenesis; Brain; Radiotherapy Dosage; Long-Term Potentiation; Hippocampus; Mice, Inbred C57BL; Animals; Physical Conditioning, Animal; Hippocampus; Male; Mice; Mice, Inbred C57BL; Brain-Derived Neurotrophic Factor; Cognition; Memory, Long-Term; Spatial Memory; Animals; Female; Humans; Male; Mice; Activin Receptors, Type I; Aging; Epigenesis, Genetic; Hippocampus; Memory, Long-Term; Mice, Inbred C57BL; Neuronal Plasticity; Physical Conditioning, Animal; Promoter Regions, Genetic; Animals; Hippocampus; Mice; Male; Female; Intellectual Disability; Jumonji Domain-Containing Histone Demethylases; Memory Consolidation; Memory, Long-Term; Long-Term Potentiation; Mice, Inbred C57BL; DNA-Binding Proteins; Mice; Animals; Habenula; Cocaine; Memory; Gene Expression Regulation; Recurrence; Animals; Mice; Alzheimer Disease; Amyloid beta-Peptides; Disease Models, Animal; Mice, Transgenic; Neuroglia; Plaque, Amyloid; Humans; Mice; Humans; Female; Animals; Alzheimer Disease; Plaque, Amyloid; Resilience, Psychological; Mice, Inbred C57BL; Microglia; Genetic Variation; Disease Models, Animal; Mice, Transgenic; Amyloid beta-Peptides; Female; Pregnancy; Humans; Cardiovascular System; Abortion, Induced; Maternal Health; Mice; Humans; Animals; RNA, Catalytic; RNA, Messenger; Polyadenylation; Memory, Long-Term; Neurons; RNA-Binding Proteins; Mice; Animals; Humans; Alzheimer Disease; Synapses; Long-Term Potentiation; Disease Models, Animal; Adult; Male; Humans; Female; Aged; Self Report; Depression; Mental Health; Multivariate Analysis; Neoplasms; Mice; Animals; Neuronal Plasticity; Long-Term Potentiation; Hippocampus; Synaptic Transmission; Male; Mice; Female; Animals; Neuroinflammatory Diseases; Long-Term Potentiation; Neuronal Plasticity; Radiation Dose Hypofractionation; Mice; Animals; Alzheimer Disease; Cuprizone; RNA Splicing; Mutation; Plaque, Amyloid; Disease Models, Animal; Demyelinating Diseases; Microglia; Brain; Membrane Glycoproteins; Receptors, Immunologic"
"Xue, Katherine",asst prof,research,"Xue, Katherine[Author] AND Irvine[Affiliation] OR Xue, K[Author] AND Irvine[Affiliation] OR 0000-0002-4094-3615[Author - Identifier]","['40063808', '40063791', '39314287', '39005283', '38076867', '37808827']","Gastrointestinal Microbiome; Models, Biological; Population Density; Coculture Techniques; Bacteria; Ecosystem; Animals; Gastrointestinal Microbiome; Phylogeny; Microbiota; Ruminants"
"Yassa, Michael",prof,research,"Yassa, Michael[Author] AND Irvine[Affiliation] OR Yassa, M[Author] AND Irvine[Affiliation]","['40442306', '40334140', '40280213', '39843236', '39738288', '39583646', '39403075', '39345394', '39253484', '39241563', '39197547', '38811657', '38764776', '38632390', '38348178', '38328085', '38172140', '38129375', '38076904', '37961444']","Humans; Male; Sleep Apnea, Obstructive; Female; Aged; Temporal Lobe; Magnetic Resonance Imaging; Hypoxia; Polysomnography; White Matter; Cerebral Small Vessel Diseases; Aged, 80 and over; Middle Aged; Cohort Studies; Humans; Female; Male; Amyloid beta-Peptides; Aged; Positron-Emission Tomography; Temporal Lobe; Middle Aged; Discrimination, Psychological; Adult; Young Adult; Frontal Lobe; Aged, 80 and over; Neuropsychological Tests; Aniline Compounds; Humans; Aged; Male; Female; Exercise; Polysomnography; Sleep; Emotions; Aged, 80 and over; Memory Consolidation; Surveys and Questionnaires; Memory; Mental Recall; Quality of Life; Humans; Amyloid beta-Peptides; Biomarkers; Male; Female; Aged; Memory Disorders; Peptide Fragments; Positron-Emission Tomography; Aged, 80 and over; Alzheimer Disease; Cognition; Brain; Memory; Learning; Humans; Nucleus Accumbens; Anhedonia; Male; Female; Magnetic Resonance Imaging; Adult; Young Adult; Midline Thalamic Nuclei; Adolescent; Reward; Neural Pathways; Depression; Humans; Down Syndrome; Alzheimer Disease; Female; Male; Adult; Aged; Middle Aged; Cerebrovascular Disorders; Magnetic Resonance Imaging; Risk Factors; White Matter; Age Factors; Aging; tau Proteins; UK Biobank; Biological Specimen Banks; Ecosystem; Prospective Studies; Neuroimaging; Phenotype; Magnetic Resonance Imaging; Brain; Humans; Wakefulness; Hippocampus; Amygdala; Emotions; Electrophysiological Phenomena; Memory Consolidation; Humans; Learning; Hippocampus; Mental Recall; Memory, Episodic; Neocortex; Theta Rhythm"
